"day_open","day_high","day_low","day_close","volume","adj_close","trade_date","stock_id"
5.4,5.8,5.3,5.35,1117300,5.35,"2016-12-26","3IINFOTECH.NS"
7.5,7.75,7.45,7.5,608400,7.5,"2012-10-30","3IINFOTECH.NS"
5.6,5.65,5.45,5.45,1660900,5.45,"2016-08-24","3IINFOTECH.NS"
6,6,6,6,0,6,"2016-08-15","3IINFOTECH.NS"
7.2,7.25,7.1,7.15,1158700,7.15,"2012-11-27","3IINFOTECH.NS"
4.15,4.25,4.1,4.15,411300,4.15,"2016-05-12","3IINFOTECH.NS"
4.15,4.15,4.15,4.15,0,4.15,"2013-09-09","3IINFOTECH.NS"
4.8,5.4,4.8,5.1,4849400,5.1,"2017-03-27","3IINFOTECH.NS"
10.2,10.2,9.6,9.6,683800,9.6,"2014-07-11","3IINFOTECH.NS"
7.95,7.95,7.6,7.65,634600,7.65,"2013-02-06","3IINFOTECH.NS"
5,5.05,4.95,5,883700,5,"2017-03-20","3IINFOTECH.NS"
7.6,7.75,7.25,7.4,601300,7.4,"2014-03-11","3IINFOTECH.NS"
5.5,5.55,5.2,5.35,595900,5.35,"2013-05-23","3IINFOTECH.NS"
11.7,12,11.65,11.7,2215400,11.7,"2014-06-24","3IINFOTECH.NS"
8.7,9.1,8.45,8.9,1439600,8.9,"2014-09-22","3IINFOTECH.NS"
6.55,6.55,6.15,6.3,5075500,6.3,"2016-10-25","3IINFOTECH.NS"
4.05,4.05,4.05,4.05,322800,4.05,"2015-06-10","3IINFOTECH.NS"
5,5.1,4.95,4.95,1291700,4.95,"2016-07-21","3IINFOTECH.NS"
6.25,7.15,6.25,6.9,3150700,6.9,"2015-04-06","3IINFOTECH.NS"
8.7,8.75,8.35,8.35,780400,8.35,"2014-07-30","3IINFOTECH.NS"
5.05,5.9,4.95,5.1,1143100,5.1,"2013-03-25","3IINFOTECH.NS"
9,9.2,8.8,9.2,739300,9.2,"2013-01-02","3IINFOTECH.NS"
12.3,12.4,11.65,11.7,4325100,11.7,"2014-06-20","3IINFOTECH.NS"
6.7,7,6.7,6.9,386900,6.9,"2013-12-26","3IINFOTECH.NS"
15.95,17.05,15.9,16.9,3277900,16.9,"2012-01-13","3IINFOTECH.NS"
11.45,11.6,10.9,10.95,2168100,10.95,"2012-06-11","3IINFOTECH.NS"
7.6,8,7.6,7.75,1175900,7.75,"2014-04-02","3IINFOTECH.NS"
4.7,4.75,4.55,4.6,1202300,4.6,"2016-01-27","3IINFOTECH.NS"
4.1,4.1,4.1,4.1,0,4.1,"2015-10-22","3IINFOTECH.NS"
6.7,6.85,6.3,6.75,838500,6.75,"2013-02-27","3IINFOTECH.NS"
4.75,4.75,4.75,4.75,226800,4.75,"2015-07-02","3IINFOTECH.NS"
20.5,22.05,19.8,20.3,6477200,20.3,"2012-02-17","3IINFOTECH.NS"
4.25,4.3,4.15,4.25,896700,4.25,"2016-05-17","3IINFOTECH.NS"
15.55,15.9,15.45,15.7,795900,15.7,"2012-04-17","3IINFOTECH.NS"
3.95,3.95,3.75,3.95,954200,3.95,"2015-08-03","3IINFOTECH.NS"
4.1,4.15,3.9,3.95,646600,3.95,"2015-08-07","3IINFOTECH.NS"
10.2,10.5,10,10.3,469200,10.3,"2012-07-31","3IINFOTECH.NS"
9,9.3,8.6,9.15,1784100,9.15,"2012-12-18","3IINFOTECH.NS"
9,9.1,8.45,8.5,929400,8.5,"2014-09-23","3IINFOTECH.NS"
5.55,5.7,5.5,5.5,329000,5.5,"2013-11-26","3IINFOTECH.NS"
16.7,16.7,15.5,15.85,1800100,15.85,"2012-03-26","3IINFOTECH.NS"
7.5,7.95,7.3,7.65,4133600,7.65,"2015-04-10","3IINFOTECH.NS"
16.05,16.35,15.7,16.05,1131300,16.05,"2012-04-04","3IINFOTECH.NS"
5.7,5.7,5.5,5.5,456500,5.5,"2013-05-22","3IINFOTECH.NS"
5.1,5.1,4.9,4.95,535200,4.95,"2013-07-19","3IINFOTECH.NS"
15.4,15.8,15.25,15.45,1296000,15.45,"2012-03-30","3IINFOTECH.NS"
5.1,5.2,4.95,5,1711700,5,"2017-03-14","3IINFOTECH.NS"
4,4,3.8,3.8,1475900,3.8,"2016-05-31","3IINFOTECH.NS"
7.8,7.8,7.5,7.6,664300,7.6,"2015-03-11","3IINFOTECH.NS"
5.65,5.65,5.5,5.5,2719800,5.5,"2017-02-06","3IINFOTECH.NS"
7.5,7.65,7.25,7.35,745400,7.35,"2014-12-16","3IINFOTECH.NS"
14.35,14.5,13.9,14.1,779200,14.1,"2012-04-27","3IINFOTECH.NS"
8.2,9.2,8,9.1,4460900,9.1,"2014-09-10","3IINFOTECH.NS"
5,5.4,4.75,5.3,14679400,5.3,"2016-06-16","3IINFOTECH.NS"
4.45,4.45,4.45,4.45,0,4.45,"2016-03-25","3IINFOTECH.NS"
5.2,5.2,4.9,5.05,2620500,5.05,"2016-11-23","3IINFOTECH.NS"
10.3,10.3,9.85,9.85,1047300,9.85,"2014-07-09","3IINFOTECH.NS"
2.5,2.5,2.5,2.5,1281600,2.5,"2015-05-21","3IINFOTECH.NS"
7.95,8.45,7.75,7.95,957900,7.95,"2014-12-11","3IINFOTECH.NS"
5.4,5.4,5,5.25,1766100,5.25,"2016-11-18","3IINFOTECH.NS"
7,7,6.4,6.4,2098300,6.4,"2013-12-09","3IINFOTECH.NS"
4.2,4.55,4.1,4.4,1719400,4.4,"2016-04-01","3IINFOTECH.NS"
7.5,7.85,7.4,7.85,2012000,7.85,"2012-09-18","3IINFOTECH.NS"
2.95,3.05,2.9,3.05,764800,3.05,"2015-09-14","3IINFOTECH.NS"
16.55,16.8,15.75,15.95,1830800,15.95,"2012-01-23","3IINFOTECH.NS"
8.15,8.55,8,8.15,1165600,8.15,"2012-08-27","3IINFOTECH.NS"
5.75,5.95,5.65,5.7,3438500,5.7,"2016-12-01","3IINFOTECH.NS"
8.35,9.8,7.95,9.8,15732300,9.8,"2014-12-26","3IINFOTECH.NS"
5.5,5.75,5.5,5.6,453600,5.6,"2013-12-02","3IINFOTECH.NS"
8.1,8.6,7.9,8,1265100,8,"2014-11-21","3IINFOTECH.NS"
4.2,4.2,4.1,4.1,889400,4.1,"2015-10-26","3IINFOTECH.NS"
9.1,9.25,8.95,9.05,1282800,9.05,"2015-01-08","3IINFOTECH.NS"
5.95,6,5.7,5.75,864100,5.75,"2016-12-12","3IINFOTECH.NS"
12.6,13.1,12.1,13.1,12480200,13.1,"2014-06-12","3IINFOTECH.NS"
5.7,5.75,5.5,5.6,338800,5.6,"2013-11-12","3IINFOTECH.NS"
5.6,5.65,4.95,5.4,14553000,5.4,"2016-06-17","3IINFOTECH.NS"
6.3,6.4,5.95,6,1358400,6,"2013-03-20","3IINFOTECH.NS"
2.6,2.6,2.6,2.6,335200,2.6,"2015-05-26","3IINFOTECH.NS"
6.55,6.7,6.35,6.5,510900,6.5,"2013-03-14","3IINFOTECH.NS"
4.3,4.3,4.1,4.15,415400,4.15,"2013-09-10","3IINFOTECH.NS"
6.1,6.3,5.9,5.95,1222400,5.95,"2013-05-10","3IINFOTECH.NS"
5.05,5.7,5,5.55,3957400,5.55,"2016-11-25","3IINFOTECH.NS"
13,13.15,12.6,12.7,581300,12.7,"2012-05-28","3IINFOTECH.NS"
16,16.9,16,16.5,4066600,16.5,"2012-01-27","3IINFOTECH.NS"
5.95,5.95,5.35,5.4,9764300,5.4,"2016-01-07","3IINFOTECH.NS"
9.9,9.9,9.9,9.9,425100,9.9,"2012-12-10","3IINFOTECH.NS"
7.9,8.05,7.8,7.9,257100,7.9,"2012-10-17","3IINFOTECH.NS"
6.8,6.95,6.7,6.75,591200,6.75,"2013-12-18","3IINFOTECH.NS"
5.45,5.45,5.2,5.25,2052800,5.25,"2017-02-23","3IINFOTECH.NS"
5.6,5.8,5.55,5.6,470800,5.6,"2013-04-11","3IINFOTECH.NS"
5.95,5.95,5.8,5.85,2049900,5.85,"2016-09-22","3IINFOTECH.NS"
6.5,6.6,6.35,6.4,481900,6.4,"2013-03-15","3IINFOTECH.NS"
3.15,3.15,2.9,3.15,3570000,3.15,"2015-08-21","3IINFOTECH.NS"
5.9,5.9,5.9,5.9,0,5.9,"2016-11-14","3IINFOTECH.NS"
5.9,6,5.5,5.65,2216000,5.65,"2013-10-03","3IINFOTECH.NS"
13.8,14.3,13.2,14.15,3201200,14.15,"2012-01-09","3IINFOTECH.NS"
12.9,13,12.25,12.55,7271100,12.55,"2012-07-06","3IINFOTECH.NS"
8.1,8.15,7.75,7.8,777200,7.8,"2015-02-25","3IINFOTECH.NS"
16.3,16.45,15.65,15.95,2990900,15.95,"2012-01-12","3IINFOTECH.NS"
3.8,3.95,3.45,3.45,21989600,3.45,"2015-05-13","3IINFOTECH.NS"
7.85,7.85,7.85,7.85,0,7.85,"2014-04-14","3IINFOTECH.NS"
7.5,7.6,7.15,7.2,933600,7.2,"2015-03-16","3IINFOTECH.NS"
8,8.2,7.85,7.9,461300,7.9,"2012-10-16","3IINFOTECH.NS"
5.7,5.7,5.6,5.65,681600,5.65,"2016-12-30","3IINFOTECH.NS"
8.3,8.75,7.95,8.75,1727800,8.75,"2014-08-14","3IINFOTECH.NS"
7.55,7.7,7.55,7.6,456500,7.6,"2015-03-12","3IINFOTECH.NS"
4.25,4.4,4.05,4.2,1158400,4.2,"2015-07-17","3IINFOTECH.NS"
4.3,4.3,4,4.15,2289400,4.15,"2015-07-23","3IINFOTECH.NS"
7.75,7.9,7.65,7.9,1075800,7.9,"2012-11-01","3IINFOTECH.NS"
8.05,8.25,7.95,8.25,806100,8.25,"2013-01-18","3IINFOTECH.NS"
8.05,9.2,8,8.2,3685400,8.2,"2014-12-24","3IINFOTECH.NS"
3.75,3.8,3.7,3.7,805900,3.7,"2015-11-04","3IINFOTECH.NS"
12.05,13.2,11.25,12.6,4758200,12.6,"2012-07-13","3IINFOTECH.NS"
4.15,4.4,3.85,4.25,5981600,4.25,"2015-10-08","3IINFOTECH.NS"
6.95,7.15,6.9,6.95,1070100,6.95,"2013-03-11","3IINFOTECH.NS"
5.15,5.65,5,5.55,825800,5.55,"2013-03-28","3IINFOTECH.NS"
4.15,4.25,4.1,4.15,514800,4.15,"2016-05-05","3IINFOTECH.NS"
8.3,8.5,8,8.1,1496600,8.1,"2012-10-04","3IINFOTECH.NS"
5.65,5.65,5.45,5.5,1331500,5.5,"2016-11-28","3IINFOTECH.NS"
6.9,6.95,6.45,6.45,558300,6.45,"2013-02-28","3IINFOTECH.NS"
6.05,6.05,5.8,5.9,1819500,5.9,"2016-10-05","3IINFOTECH.NS"
7.4,7.6,6.95,7.35,2456700,7.35,"2015-04-09","3IINFOTECH.NS"
4.9,4.95,4.5,4.75,1077100,4.75,"2013-06-05","3IINFOTECH.NS"
3.75,3.85,3.65,3.85,3233400,3.85,"2015-11-05","3IINFOTECH.NS"
7.5,7.85,7.35,7.75,724900,7.75,"2014-11-26","3IINFOTECH.NS"
8.05,8.15,7.85,7.9,618500,7.9,"2012-10-10","3IINFOTECH.NS"
7.15,7.15,7.15,7.15,0,7.15,"2012-11-28","3IINFOTECH.NS"
5.5,5.75,5.4,5.4,3089800,5.4,"2017-02-21","3IINFOTECH.NS"
7.95,7.95,7.6,7.65,345700,7.65,"2012-10-29","3IINFOTECH.NS"
8,8.2,7.65,8,751600,8,"2013-02-01","3IINFOTECH.NS"
5.7,6.5,5.65,6.3,4507100,6.3,"2013-09-30","3IINFOTECH.NS"
9.25,9.5,8.8,9.35,3013000,9.35,"2014-05-29","3IINFOTECH.NS"
5,5.2,4.95,5.05,285700,5.05,"2013-06-17","3IINFOTECH.NS"
4.25,4.45,4.25,4.35,1374700,4.35,"2016-04-27","3IINFOTECH.NS"
11.45,12.35,11.25,12.25,15299400,12.25,"2012-07-04","3IINFOTECH.NS"
5.05,5.2,5,5.05,1356800,5.05,"2016-07-04","3IINFOTECH.NS"
4.1,4.1,4,4.1,2058700,4.1,"2015-10-21","3IINFOTECH.NS"
17.1,17.3,16.75,16.8,821600,16.8,"2012-03-12","3IINFOTECH.NS"
8,8,8,8,0,8,"2014-10-06","3IINFOTECH.NS"
4.4,4.55,4.4,4.45,419300,4.45,"2013-07-29","3IINFOTECH.NS"
7.85,7.85,7.85,7.85,0,7.85,"2012-09-19","3IINFOTECH.NS"
8.7,9.25,8.5,8.55,2765800,8.55,"2014-11-05","3IINFOTECH.NS"
8.75,9.15,8.75,8.85,1357400,8.85,"2014-08-25","3IINFOTECH.NS"
5.15,5.2,5.05,5.1,1146600,5.1,"2016-07-29","3IINFOTECH.NS"
5.05,5.5,5.05,5.2,587200,5.2,"2013-06-19","3IINFOTECH.NS"
5.45,5.65,5.45,5.55,224900,5.55,"2013-11-13","3IINFOTECH.NS"
9.6,9.6,8.95,9.05,1100000,9.05,"2013-01-03","3IINFOTECH.NS"
4.3,4.3,4.15,4.3,4880100,4.3,"2015-10-23","3IINFOTECH.NS"
7.7,7.7,7.2,7.35,1450000,7.35,"2015-04-16","3IINFOTECH.NS"
5.9,6.3,5.8,6.2,1602300,6.2,"2015-04-01","3IINFOTECH.NS"
7.4,7.75,7.35,7.4,481600,7.4,"2014-03-18","3IINFOTECH.NS"
8.2,8.3,8.1,8.15,494200,8.15,"2013-01-16","3IINFOTECH.NS"
5.55,5.8,5.4,5.6,367800,5.6,"2013-11-14","3IINFOTECH.NS"
6.2,6.2,6.05,6.15,2194900,6.15,"2017-01-11","3IINFOTECH.NS"
16.95,17.3,16.75,17.05,2959500,17.05,"2012-02-28","3IINFOTECH.NS"
5.15,5.4,4.95,5.05,4478600,5.05,"2016-01-14","3IINFOTECH.NS"
3,3,3,3,0,3,"2015-09-25","3IINFOTECH.NS"
7.7,7.95,7.45,7.55,970700,7.55,"2014-11-25","3IINFOTECH.NS"
8.1,8.15,7.75,8.15,1047100,8.15,"2012-08-24","3IINFOTECH.NS"
7,7.3,6.8,7.2,599700,7.2,"2014-03-25","3IINFOTECH.NS"
9.25,9.4,8.85,8.95,2093400,8.95,"2014-12-30","3IINFOTECH.NS"
4,4.1,3.8,3.85,1409700,3.85,"2015-08-04","3IINFOTECH.NS"
7,7.2,7,7.2,191300,7.2,"2013-02-19","3IINFOTECH.NS"
4,4,3.75,3.85,1027300,3.85,"2015-11-19","3IINFOTECH.NS"
6.1,6.1,5.8,5.95,586100,5.95,"2013-04-04","3IINFOTECH.NS"
4.25,4.4,4.25,4.3,1124200,4.3,"2016-03-17","3IINFOTECH.NS"
17,17.25,16.5,16.55,1099800,16.55,"2012-03-05","3IINFOTECH.NS"
5.45,6,5.3,5.5,10171500,5.5,"2016-01-06","3IINFOTECH.NS"
3.7,3.8,3.65,3.7,1679400,3.7,"2015-10-15","3IINFOTECH.NS"
4.4,4.7,4.25,4.5,676300,4.5,"2013-08-20","3IINFOTECH.NS"
5.2,5.25,5.15,5.2,1168400,5.2,"2017-03-06","3IINFOTECH.NS"
9.45,9.45,8.85,8.9,917100,8.9,"2012-08-16","3IINFOTECH.NS"
5.2,5.55,5.1,5.25,3970700,5.25,"2017-05-09","3IINFOTECH.NS"
5.6,5.8,5.55,5.65,4629100,5.65,"2016-08-22","3IINFOTECH.NS"
3.05,3.05,2.95,3,702900,3,"2015-09-24","3IINFOTECH.NS"
4.8,4.85,3.8,3.8,21787100,3.8,"2015-05-12","3IINFOTECH.NS"
12,12,11.1,11.4,3137500,11.4,"2012-07-18","3IINFOTECH.NS"
16.9,16.9,16.9,16.9,0,16.9,"2012-03-08","3IINFOTECH.NS"
7.15,7.5,7.15,7.5,869300,7.5,"2012-11-30","3IINFOTECH.NS"
8.7,8.8,8.45,8.65,355900,8.65,"2012-12-24","3IINFOTECH.NS"
12,12.15,11.85,12,713400,12,"2012-05-18","3IINFOTECH.NS"
4.55,4.55,4.4,4.45,1013000,4.45,"2016-04-04","3IINFOTECH.NS"
6.5,6.75,6.25,6.6,1106200,6.6,"2013-03-01","3IINFOTECH.NS"
12.7,13.4,12.55,13.05,2336200,13.05,"2012-01-06","3IINFOTECH.NS"
4.1,4.1,3.9,3.95,1065700,3.95,"2015-11-27","3IINFOTECH.NS"
7.4,7.45,7.15,7.3,717100,7.3,"2014-04-25","3IINFOTECH.NS"
7.7,7.7,7.55,7.65,554000,7.65,"2012-09-10","3IINFOTECH.NS"
8.5,8.9,8.5,8.65,1016800,8.65,"2014-09-18","3IINFOTECH.NS"
6.5,6.85,5.7,5.9,3907500,5.9,"2013-10-01","3IINFOTECH.NS"
3.7,3.9,3.65,3.8,742600,3.8,"2013-08-08","3IINFOTECH.NS"
2.4,2.5,2.4,2.4,4303100,2.4,"2015-05-22","3IINFOTECH.NS"
8.05,8.8,8,8.55,1493900,8.55,"2014-11-17","3IINFOTECH.NS"
3,3.05,2.95,3.05,788500,3.05,"2015-09-03","3IINFOTECH.NS"
5.25,5.5,5.2,5.4,2265400,5.4,"2016-09-08","3IINFOTECH.NS"
5.8,5.8,5.65,5.7,1689000,5.7,"2016-10-10","3IINFOTECH.NS"
12.5,12.5,11.85,12,3697500,12,"2012-07-09","3IINFOTECH.NS"
5.6,5.7,5.45,5.5,4941300,5.5,"2017-02-03","3IINFOTECH.NS"
5.7,6.1,5.6,6.1,487900,6.1,"2013-10-29","3IINFOTECH.NS"
4.05,4.25,3.95,4.05,1691400,4.05,"2016-03-01","3IINFOTECH.NS"
7,7,6.75,6.85,506800,6.85,"2013-02-25","3IINFOTECH.NS"
38.8,38.8,37.2,38.25,37900,36.72,"2013-10-03","ORIENTCEM.NS"
124.6,130,124.6,127.4,345300,125.49,"2014-10-20","ORIENTCEM.NS"
149,150.5,144.7,148.55,171000,147.72,"2015-12-31","ORIENTCEM.NS"
139.5,140.25,134.6,136,285800,136,"2017-02-07","ORIENTCEM.NS"
176,180.15,172.5,175.35,52900,173.41,"2015-07-13","ORIENTCEM.NS"
112.5,122,112.5,114.55,182900,112.83,"2014-08-11","ORIENTCEM.NS"
149,150,143.2,145.7,51100,144.88,"2016-03-23","ORIENTCEM.NS"
142.3,151,142.05,148.55,143600,147.72,"2016-05-05","ORIENTCEM.NS"
140,141.25,139.5,140.1,85000,138,"2014-11-14","ORIENTCEM.NS"
129.8,131.4,127,128.35,317900,128.35,"2017-01-03","ORIENTCEM.NS"
230.2,232,220,222.05,235600,222.05,"2016-10-06","ORIENTCEM.NS"
148.7,153,147.7,150,42100,149.16,"2016-01-04","ORIENTCEM.NS"
126.8,126.8,126.8,126.8,0,124.9,"2014-10-15","ORIENTCEM.NS"
150.95,150.95,146.15,148.4,64000,146.18,"2014-12-09","ORIENTCEM.NS"
40,40.1,38.7,39.35,32300,37.78,"2013-12-17","ORIENTCEM.NS"
173.45,173.65,168.5,169.75,145800,167.87,"2015-03-17","ORIENTCEM.NS"
97.1,99,90.3,91.25,306300,89.31,"2014-07-11","ORIENTCEM.NS"
131.3,131.3,131.3,131.3,0,131.3,"2017-01-26","ORIENTCEM.NS"
38.95,39,34.4,37.75,179800,36.24,"2013-08-13","ORIENTCEM.NS"
134.35,139,132.6,133.05,266100,133.05,"2017-03-15","ORIENTCEM.NS"
159,162,156.1,158.1,42000,157.21,"2015-09-16","ORIENTCEM.NS"
134.7,139.5,132.25,134.45,1167800,134.45,"2016-11-25","ORIENTCEM.NS"
147.45,147.45,147.45,147.45,0,147.45,"2017-02-24","ORIENTCEM.NS"
38.85,39.9,38.3,39,26600,37.44,"2013-11-29","ORIENTCEM.NS"
149.55,153.2,145.3,146.1,263900,146.1,"2017-04-18","ORIENTCEM.NS"
172,173.4,169.55,171.5,26300,171.5,"2016-07-22","ORIENTCEM.NS"
171.05,172,168.2,169.65,27400,169.65,"2016-07-25","ORIENTCEM.NS"
152.2,152.2,152.2,152.2,0,152.2,"2017-04-14","ORIENTCEM.NS"
123,124.55,115.65,118,194300,118,"2016-12-22","ORIENTCEM.NS"
165,171.8,164.15,170.25,204800,169.29,"2015-09-03","ORIENTCEM.NS"
41.25,41.3,40.55,41,14000,39.36,"2013-12-13","ORIENTCEM.NS"
128.15,133.05,128.15,130.4,76900,130.4,"2016-12-07","ORIENTCEM.NS"
161.8,171.75,161.05,170.4,918500,170.4,"2017-04-28","ORIENTCEM.NS"
145,148.9,144.25,145,11600,144.19,"2016-02-01","ORIENTCEM.NS"
99.05,101.8,98.25,100.5,173900,98.36,"2014-07-30","ORIENTCEM.NS"
126,128,126,126.8,357700,124.9,"2014-10-14","ORIENTCEM.NS"
162.8,169,161.25,168.55,254400,166.02,"2015-01-08","ORIENTCEM.NS"
162.5,164.95,160,163,169700,161.2,"2015-03-25","ORIENTCEM.NS"
48.7,50.9,48.7,50.05,162600,48.98,"2014-05-06","ORIENTCEM.NS"
124.05,124.95,114.8,120.1,268500,120.1,"2016-12-20","ORIENTCEM.NS"
181.6,184.45,181.1,183.5,11200,182.47,"2015-08-03","ORIENTCEM.NS"
39.1,40.4,39.1,39.35,50900,37.78,"2014-01-07","ORIENTCEM.NS"
142.5,147,141.25,144.6,52700,142.43,"2014-11-26","ORIENTCEM.NS"
100.5,106.3,98.2,104.2,327800,101.98,"2014-07-31","ORIENTCEM.NS"
107.9,116.8,107.9,113.75,209700,111.33,"2014-08-04","ORIENTCEM.NS"
165.05,169.15,163,164.7,21600,163.77,"2016-06-06","ORIENTCEM.NS"
165,170.85,165,169.45,17500,167.58,"2015-06-25","ORIENTCEM.NS"
189,200,185.55,187.35,291200,187.35,"2016-10-17","ORIENTCEM.NS"
78.95,83.9,75.65,80,1126900,78.3,"2014-05-28","ORIENTCEM.NS"
146.55,147,142.15,145.25,370300,145.25,"2017-04-06","ORIENTCEM.NS"
45.8,46.9,44.8,46.25,93600,45.26,"2014-03-19","ORIENTCEM.NS"
166,168.8,163.1,166.05,385800,166.05,"2017-05-08","ORIENTCEM.NS"
165,173.3,163.45,170.85,76300,169.89,"2015-08-14","ORIENTCEM.NS"
195.8,201.85,192.5,199.85,344600,199.85,"2016-09-08","ORIENTCEM.NS"
132.1,137.7,132.1,136.4,49100,135.63,"2016-02-25","ORIENTCEM.NS"
127,128.95,122.5,124.15,97600,124.15,"2016-12-15","ORIENTCEM.NS"
194.5,194.5,194.5,194.5,0,194.5,"2016-09-13","ORIENTCEM.NS"
158.25,165,158.25,164.6,7800,163.68,"2015-11-16","ORIENTCEM.NS"
162.35,168.85,161.45,167.05,41000,165.2,"2015-03-30","ORIENTCEM.NS"
135,142,133.85,139.25,527900,139.25,"2017-02-01","ORIENTCEM.NS"
36.95,39,36.5,38,383700,36.48,"2013-09-25","ORIENTCEM.NS"
148.5,150.45,147.1,147.65,10500,146.82,"2016-04-29","ORIENTCEM.NS"
171,172.75,169,170.2,189500,170.2,"2016-07-29","ORIENTCEM.NS"
179.5,179.5,179.5,179.5,0,177.52,"2015-04-02","ORIENTCEM.NS"
147.65,152.4,146.3,151.25,183100,150.4,"2016-01-27","ORIENTCEM.NS"
80.4,80.4,76.65,78.25,191800,76.58,"2014-05-21","ORIENTCEM.NS"
158.1,158.1,158.1,158.1,0,157.21,"2015-09-17","ORIENTCEM.NS"
178,179.65,171.2,175.05,45900,173.11,"2015-07-03","ORIENTCEM.NS"
147,152,147,150.75,115900,148.49,"2014-12-12","ORIENTCEM.NS"
175,176,165,167.3,257300,167.3,"2016-10-27","ORIENTCEM.NS"
36,37,35.25,35.9,39000,34.46,"2014-01-27","ORIENTCEM.NS"
166.3,168.5,165.15,165.95,216400,165.95,"2017-05-09","ORIENTCEM.NS"
166.5,167.8,162.8,163.85,11100,162.93,"2015-10-30","ORIENTCEM.NS"
38.75,39.55,38.55,39.5,621100,37.92,"2013-12-20","ORIENTCEM.NS"
41.85,43.75,41.8,42.85,320700,41.94,"2014-03-26","ORIENTCEM.NS"
42.15,45,41.5,42.1,35600,40.42,"2013-12-10","ORIENTCEM.NS"
193.7,196.3,189.95,194.5,1036500,194.5,"2016-09-12","ORIENTCEM.NS"
157,157,152,152,21700,151.15,"2016-05-23","ORIENTCEM.NS"
139.9,141.4,135.2,137.5,47500,136.73,"2016-03-08","ORIENTCEM.NS"
177.95,177.95,170.15,171.6,94900,169.7,"2015-05-18","ORIENTCEM.NS"
51.55,51.55,51.55,51.55,0,50.45,"2014-04-24","ORIENTCEM.NS"
128.3,128.3,120.5,122.95,66800,121.11,"2014-09-04","ORIENTCEM.NS"
42.95,43,39.55,40.1,32000,38.5,"2013-12-16","ORIENTCEM.NS"
155.8,155.8,151.55,152.75,11700,151.89,"2016-04-25","ORIENTCEM.NS"
164.45,165.6,161,162.55,8600,161.64,"2015-12-18","ORIENTCEM.NS"
182,184,177.75,179.65,74800,179.65,"2016-10-21","ORIENTCEM.NS"
128.65,130.75,125.45,128.2,603400,128.2,"2017-03-24","ORIENTCEM.NS"
96,96.9,92.85,93.3,657200,91.31,"2014-06-24","ORIENTCEM.NS"
148,153,144.3,150.45,45000,149.6,"2016-03-30","ORIENTCEM.NS"
158.25,160.9,156.25,157.95,42200,157.06,"2015-09-15","ORIENTCEM.NS"
122,123.25,118,121.55,544600,119.73,"2014-09-26","ORIENTCEM.NS"
179.8,179.85,174.25,175.7,22700,175.7,"2016-07-18","ORIENTCEM.NS"
44.05,44.45,43.5,44,99500,43.06,"2014-03-11","ORIENTCEM.NS"
157.35,157.35,153.1,154.05,57700,153.18,"2016-04-18","ORIENTCEM.NS"
130.75,131.95,128,128.75,28600,126.82,"2014-10-27","ORIENTCEM.NS"
161.45,164,159,159.85,10400,158.95,"2015-12-23","ORIENTCEM.NS"
78.45,80.8,73.05,74.85,271600,73.26,"2014-05-26","ORIENTCEM.NS"
171,174.4,166.2,167.5,59900,165.65,"2015-06-24","ORIENTCEM.NS"
176.55,177,172.35,173.3,125200,171.38,"2015-06-05","ORIENTCEM.NS"
127.1,129.25,127.1,128.65,630000,128.65,"2017-03-29","ORIENTCEM.NS"
43.9,45,43.9,44.75,78400,43.8,"2014-03-12","ORIENTCEM.NS"
145.2,146.5,144.25,145.25,3600,144.43,"2016-03-29","ORIENTCEM.NS"
157.95,157.95,154.05,156.1,18900,155.22,"2016-05-16","ORIENTCEM.NS"
179.65,182.75,178.75,179,85700,179,"2016-10-24","ORIENTCEM.NS"
132.55,135,127.05,128.45,46400,126.53,"2014-10-07","ORIENTCEM.NS"
178.55,180.85,172.5,174.95,44300,173.02,"2015-07-09","ORIENTCEM.NS"
126.55,128.7,123.1,126.95,66000,125.05,"2014-09-08","ORIENTCEM.NS"
198,204,193.1,201.3,482200,201.3,"2016-09-22","ORIENTCEM.NS"
183,187,180.65,183.25,94400,182.22,"2015-08-04","ORIENTCEM.NS"
39.9,40,39.1,39.2,24000,37.63,"2013-12-30","ORIENTCEM.NS"
50690,51040,49759.6,50434.8,21900,50390.6,"2017-02-07","MRF.NS"
10066,10286.1,10020,10142,10300,10052.31,"2012-07-02","MRF.NS"
35550,36330,35261,36140.6,11000,36001.59,"2015-05-13","MRF.NS"
13176.3,13176.3,12740,12788.8,17800,12704.53,"2013-09-11","MRF.NS"
30695,31440,30013,31307,31200,31149.91,"2014-09-17","MRF.NS"
39387,39570.9,38911.1,39286.1,14600,39134.99,"2015-07-28","MRF.NS"
36499,37271.4,36210,36442.9,7300,36263.4,"2014-12-26","MRF.NS"
7910,8350,7880,8280.2,20700,8206.97,"2012-02-01","MRF.NS"
35500.1,35990,35136.9,35800.7,4700,35668.1,"2016-04-11","MRF.NS"
13650,14278.8,13611,13819.6,38600,13725.31,"2013-07-19","MRF.NS"
39389,39499,38201.5,38739.9,13900,38590.89,"2015-04-22","MRF.NS"
9800,9820,9543.5,9632.75,9200,9547.56,"2012-03-05","MRF.NS"
19347,19439.9,19170.1,19364.4,8500,19240.4,"2013-12-31","MRF.NS"
15190,15499,15190,15373.4,12200,15268.5,"2013-05-22","MRF.NS"
24499,24680.7,23701.2,23858.1,19600,23735.39,"2014-07-24","MRF.NS"
17040,17199,16960,17155.3,5600,17045.45,"2013-11-25","MRF.NS"
12722,13134.7,12722,12984.8,6700,12899.24,"2013-08-08","MRF.NS"
41724.9,43562,41618,42877.8,14400,42715.7,"2015-10-05","MRF.NS"
21585,21604.9,21270.6,21453.8,4600,21343.46,"2014-03-20","MRF.NS"
40750,41470,40566,40994.6,15500,40836.92,"2015-02-16","MRF.NS"
51750,51985,51250,51685.7,7300,51640.4,"2017-02-09","MRF.NS"
38010,38010,37350,37610.9,12600,37466.23,"2015-03-25","MRF.NS"
32800,32930.7,32400,32579.2,4600,32458.53,"2016-05-19","MRF.NS"
19624.7,20049,19570,19953,9500,19825.23,"2014-01-22","MRF.NS"
10065,10101.5,9990,10000.3,6100,9917.62,"2012-11-26","MRF.NS"
34000,34939.9,33787.4,34837.6,6100,34703.6,"2015-07-06","MRF.NS"
13400,13400,12800,13114.8,8800,13028.38,"2013-08-19","MRF.NS"
33400,33456.7,32790,33013.5,3400,32891.22,"2016-06-07","MRF.NS"
39557,39557,39557,39557,0,39404.85,"2015-04-02","MRF.NS"
13690,13780,13000,13033.2,14400,12947.32,"2013-09-03","MRF.NS"
10052,10140,10000,10116.6,5500,10027.13,"2012-06-27","MRF.NS"
14999,15135.7,14700.5,14991.4,22800,14892.62,"2013-10-08","MRF.NS"
23336,23599,23336,23399.8,3600,23282.38,"2014-08-12","MRF.NS"
10280,10410,10100,10273.8,17200,10185.89,"2012-09-27","MRF.NS"
11861.9,12184.2,11810.2,12140.3,24800,12039.92,"2012-12-10","MRF.NS"
10901,11138,10860.5,10902.9,12100,10812.75,"2012-12-03","MRF.NS"
10251.1,10538,9980.75,10463.2,9400,10370.66,"2012-05-16","MRF.NS"
23450.2,23835,23450.2,23750.1,12900,23627.95,"2014-04-17","MRF.NS"
36125.1,36125.1,36125.1,36125.1,0,35991.3,"2016-01-26","MRF.NS"
9695,10700,9641,10578,29900,10484.45,"2012-03-21","MRF.NS"
52366,52450,51950,52220.3,9100,52177.61,"2017-03-10","MRF.NS"
40500,41500,40500,40907.9,17100,40753.24,"2015-08-27","MRF.NS"
23900.1,24548,23900.1,24340.2,9600,24215.01,"2014-06-06","MRF.NS"
19549,19550,19211.2,19249.8,6600,19126.54,"2014-01-24","MRF.NS"
23750,23859.9,23540,23620.8,2100,23499.31,"2014-07-07","MRF.NS"
43200,43603.1,41800,43388.6,13100,43224.57,"2015-08-21","MRF.NS"
35310,36002,35310,35874.3,7500,35736.31,"2015-05-29","MRF.NS"
9635,9774.8,9522.3,9583.1,7900,9498.35,"2012-03-06","MRF.NS"
10685,10750.5,10610.5,10661.1,6400,10569.87,"2012-08-13","MRF.NS"
36303,36800,36200,36458.9,10200,36424.79,"2016-08-25","MRF.NS"
36180,36180,34620,35040.2,7300,34910.42,"2016-01-20","MRF.NS"
10228.6,10344,10170,10274.1,5400,10186.19,"2012-11-05","MRF.NS"
52540,53050,49768.2,50108.3,24800,50064.38,"2016-11-15","MRF.NS"
36351,36534.9,35656,35922,10300,35783.83,"2015-05-20","MRF.NS"
39213,39705.4,39101,39175.3,3300,39030.2,"2015-12-22","MRF.NS"
8350,8360,8129,8182.05,10600,8109.69,"2012-02-03","MRF.NS"
40949,41158,40420,40550.8,5900,40394.83,"2015-02-23","MRF.NS"
17689.8,18585,17555.2,18513.5,24200,18394.95,"2013-12-10","MRF.NS"
53000,53046.1,51814.5,51992.2,13600,51946.63,"2017-01-19","MRF.NS"
20677,20930,20607,20641.1,3400,20534.94,"2014-05-05","MRF.NS"
19499,20550.1,19448,20367.6,19900,20262.84,"2014-03-06","MRF.NS"
51000,52400,50359.5,52046.7,18300,52001.08,"2016-11-08","MRF.NS"
10300,10350,10213.3,10251.5,6400,10163.78,"2012-10-08","MRF.NS"
26730,27561,26525,27159.7,18600,27023.42,"2014-09-05","MRF.NS"
38411,38650,37800,37923.8,16300,37737.01,"2014-12-30","MRF.NS"
34810,35543.9,34600,35340.4,8400,35209.5,"2016-03-23","MRF.NS"
52260,52372.1,51086.7,51527.8,9500,51485.68,"2017-03-08","MRF.NS"
53440,53440,51801.1,51929.9,12000,51884.38,"2017-01-30","MRF.NS"
10499,10609,10485.1,10535.5,6700,10442.33,"2012-07-10","MRF.NS"
41684.2,41884.6,40700.1,41014.4,6600,40856.64,"2015-04-17","MRF.NS"
9808.85,9890,9630,9772.6,21600,9686.17,"2012-02-17","MRF.NS"
34001,34935,33760,34605.9,10100,34573.53,"2016-08-03","MRF.NS"
22294,22450,22000,22205.7,22200,22091.49,"2014-03-25","MRF.NS"
23340,23550,23110.5,23176.3,5100,23057.1,"2014-06-27","MRF.NS"
35000,35198,34660.1,34860.8,5800,34726.71,"2015-07-03","MRF.NS"
10938.8,11010,10770,10829.8,21100,10737.13,"2012-08-17","MRF.NS"
19091.2,19220,19000,19026.6,7300,18928.74,"2014-02-26","MRF.NS"
7231.05,7460,7182.15,7412.85,10800,7328.41,"2012-01-25","MRF.NS"
9494,9648,9222,9585.65,33200,9500.88,"2012-02-23","MRF.NS"
36299.9,36546.9,36200,36358.4,6300,36218.55,"2015-07-22","MRF.NS"
23300,23470,23260,23364.9,1700,23247.66,"2014-08-14","MRF.NS"
10291.9,10344.7,10040,10088.5,9700,9999.28,"2012-03-14","MRF.NS"
31674.2,31674.2,31674.2,31674.2,0,31515.26,"2014-10-06","MRF.NS"
12470,12710,12456.5,12524.1,10900,12438.64,"2013-06-27","MRF.NS"
40255,40388,38701.1,38944.6,20800,38794.8,"2015-04-24","MRF.NS"
13780,14723.7,13640.1,13850.2,71600,13755.7,"2013-07-25","MRF.NS"
37813,38098.9,37640.4,37881.8,4700,37736.09,"2015-05-05","MRF.NS"
34999,35500,34999,35166.3,6600,35031.04,"2015-07-09","MRF.NS"
12839.2,13060,12801,12842.7,5900,12758.07,"2013-09-24","MRF.NS"
47474,47877,46832.1,47214.8,9000,47173.42,"2016-11-24","MRF.NS"
33300,33500,32600.9,33229.4,7100,33101.58,"2015-06-29","MRF.NS"
40825,41874.7,40825,41124,18300,41085.53,"2016-09-15","MRF.NS"
9800,9928.2,9600.35,9818.25,10700,9731.42,"2012-03-09","MRF.NS"
67909.2,67909.2,67909.2,67909.2,0,67853.69,"2017-05-01","MRF.NS"
68944,69173.5,66501,67022.5,28600,66967.71,"2017-05-04","MRF.NS"
33305,33593,33101,33425.6,3900,33301.8,"2016-06-02","MRF.NS"
39149,39775,38919.1,39630.8,6400,39484.01,"2015-12-04","MRF.NS"
40640,41180,40488.9,40874.7,6500,40717.48,"2015-02-24","MRF.NS"
60566.6,60566.6,60566.6,60566.6,0,60517.09,"2017-04-14","MRF.NS"
47955.6,47955.6,47955.6,47955.6,0,47910.74,"2016-10-31","MRF.NS"
31950,32348,31586,31675.8,9900,31516.86,"2014-10-10","MRF.NS"
12783,12949.9,12720,12792,7800,12707.71,"2013-09-26","MRF.NS"
60935,61386.7,60240,60993.6,14200,60943.74,"2017-04-03","MRF.NS"
14805.4,15138,14805.4,15032.8,6000,14930.23,"2013-06-03","MRF.NS"
34199,35170,34031.1,34756.4,13200,34622.71,"2015-07-01","MRF.NS"
13250,13474,13072.2,13234,5600,13124.58,"2013-01-23","MRF.NS"
15120,15824.8,15100,15721.9,18200,15618.3,"2013-10-22","MRF.NS"
35350.2,36425,35230.1,36159.8,8600,36025.87,"2016-03-28","MRF.NS"
41349,41349,40638.6,40945.8,7500,40788.31,"2015-02-20","MRF.NS"
39052.1,39687,39052.1,39215.1,2500,39069.86,"2015-12-08","MRF.NS"
52679.4,52879.9,52210.1,52466.4,7400,52420.41,"2017-01-24","MRF.NS"
11680,11800,11450,11713.3,3200,11633.38,"2013-04-12","MRF.NS"
22850,23500,22800.1,23464.2,16200,23343.52,"2014-04-15","MRF.NS"
51998,52140,51000,51659.5,12600,51614.22,"2017-01-31","MRF.NS"
50780,50900,50001.1,50102.2,10300,50061.24,"2017-02-17","MRF.NS"
8295,8547.95,8270.1,8481.2,13400,8406.19,"2012-02-08","MRF.NS"
42000,42225,41400.1,41629.9,5400,41472.51,"2015-10-01","MRF.NS"
15962,16744.7,15852,16646.2,20800,16539.61,"2013-11-05","MRF.NS"
18944,19159.9,18740,18832.7,10700,18735.84,"2014-02-10","MRF.NS"
21409,22046.9,21259,21902.3,9200,21789.65,"2014-05-14","MRF.NS"
41262.2,41262.2,41262.2,41262.2,0,41106.21,"2015-09-25","MRF.NS"
31910.1,32490.3,31502.1,32219.2,7400,32095.27,"2015-06-15","MRF.NS"
9734.95,9843.95,9715,9806.75,5900,9720.02,"2012-08-02","MRF.NS"
12940,13668,12940,13582.5,17000,13493,"2013-09-02","MRF.NS"
20632,21392,20632,21287.9,8000,21178.41,"2014-05-08","MRF.NS"
9950,10040,9921.15,10001.4,5300,9918.71,"2012-11-21","MRF.NS"
17077,17078,16810.6,16836.3,6400,16728.49,"2013-11-21","MRF.NS"
35340.4,35340.4,35340.4,35340.4,0,35209.5,"2016-03-25","MRF.NS"
21675,21784.9,21200,21404.8,6100,21294.71,"2014-05-13","MRF.NS"
36300,36928,36141,36740,4100,36603.92,"2016-04-18","MRF.NS"
14800,15250,14800,15152.4,17100,15049.01,"2013-05-15","MRF.NS"
14850,14949,14630,14671.5,8900,14574.82,"2013-10-10","MRF.NS"
12901.5,12901.5,12901.5,12901.5,0,12813.47,"2013-04-19","MRF.NS"
52600,53940,52600,53515.4,13800,53468.49,"2016-11-10","MRF.NS"
34000,34500.7,33200,33825.4,12500,33700.11,"2016-02-10","MRF.NS"
23600,25925.1,21380,22228.6,71800,22114.27,"2014-04-22","MRF.NS"
31450,32029.9,31320.1,31828.2,9800,31668.49,"2014-11-03","MRF.NS"
18710,18999.9,18701.8,18850.2,3700,18753.25,"2014-02-18","MRF.NS"
11909,11948,11700,11786.5,20300,11689.05,"2012-12-07","MRF.NS"
15201,15385.7,15150,15297.8,6600,15197,"2013-10-21","MRF.NS"
35870,36649.9,35870,36269.8,9700,36135.46,"2016-04-12","MRF.NS"
12845,12980,12800,12833.1,7000,12748.54,"2013-09-25","MRF.NS"
13250,13530,13220.2,13408.9,16300,13317.41,"2013-02-08","MRF.NS"
23001,23250,22651.1,22833.6,4500,22716.16,"2014-07-09","MRF.NS"
39557,39557,39557,39557,0,39404.85,"2015-04-03","MRF.NS"
33600,33788.7,33120.2,33435.1,3900,33311.26,"2016-02-18","MRF.NS"
24560,24634.7,24192.9,24242.8,6100,24118.11,"2014-06-10","MRF.NS"
24250,24400,24199.2,24325.2,2500,24203.14,"2014-08-22","MRF.NS"
33290,33296.6,32669,32848.1,8000,32726.44,"2016-05-11","MRF.NS"
13700,13890,13450,13592.7,11300,13499.95,"2013-04-26","MRF.NS"
39041,39233.6,38700,38875.9,2300,38731.91,"2016-01-12","MRF.NS"
12715,12735,12455.6,12594.5,11900,12508.56,"2013-07-17","MRF.NS"
33535,33750,31680,31856.4,14700,31733.87,"2015-06-11","MRF.NS"
10200,10225,10051.2,10178.8,8300,10088.78,"2012-06-20","MRF.NS"
66500,69848.8,66487,68850.5,43600,68794.22,"2017-04-26","MRF.NS"
23601,24048,23601,23798.1,5500,23675.7,"2014-06-24","MRF.NS"
16663.1,16840,16422,16466.6,11500,16361.16,"2013-11-06","MRF.NS"
59550,61220,59550,60954.4,24600,60904.57,"2017-03-31","MRF.NS"
15350,15450,15235.1,15382.2,5500,15277.24,"2013-05-28","MRF.NS"
40759,41228.4,40520.1,40935.4,6300,40780.64,"2015-09-23","MRF.NS"
11341.9,11520,11280,11477.1,17700,11375.6,"2012-04-30","MRF.NS"
50451,50679.4,50100,50195.4,4000,50154.36,"2017-02-21","MRF.NS"
31001,31774.9,31001,31184.9,20400,31028.42,"2014-09-12","MRF.NS"
38155.3,39199.9,38155.3,38531.6,22700,38383.39,"2015-07-24","MRF.NS"
18410,19210,18101.9,19115.9,30500,18993.49,"2013-12-11","MRF.NS"
40900,41450,40450.1,41326.9,8400,41167.94,"2015-04-10","MRF.NS"
41423.9,41547.7,41149.1,41262.2,7000,41103.49,"2015-03-10","MRF.NS"
30950,32880,30868.6,32681.9,37900,32517.91,"2014-09-30","MRF.NS"
32260,32606.4,32215.7,32355.2,7400,32195.84,"2014-11-14","MRF.NS"
10298,10333,10095,10135.5,7400,10048.77,"2012-10-25","MRF.NS"
32378,32424,31702,31844.9,3800,31726.95,"2016-06-21","MRF.NS"
39986,40080,39516.1,39891.4,4700,39737.96,"2015-04-06","MRF.NS"
9998.95,10300.6,9865,10174.3,30100,10087.24,"2012-10-30","MRF.NS"
40050,40050,38900.5,39019.9,8200,38872.38,"2015-11-04","MRF.NS"
36580,36845,36011.2,36154.9,8200,36015.83,"2015-07-21","MRF.NS"
33297,33500,32850,32907.1,3800,32785.22,"2016-05-13","MRF.NS"
50698.6,51990,50550.1,51710.6,8400,51665.28,"2017-01-05","MRF.NS"
9395,9643,9350,9433.2,23000,9349.77,"2012-02-14","MRF.NS"
33298,33980,33200.1,33543.7,15000,33378.48,"2014-11-28","MRF.NS"
13690,14450,13690,14397.2,28000,14298.96,"2013-07-22","MRF.NS"
18914,19172.3,18910,19002.6,3700,18904.86,"2014-02-24","MRF.NS"
39550,41179.9,39240,40839.2,16800,40682.12,"2015-07-31","MRF.NS"
18900,19247.5,18670,19030.1,4900,18932.22,"2014-01-30","MRF.NS"
10169.5,10330,10163.8,10293,7400,10204.93,"2012-11-01","MRF.NS"
31217.4,31217.4,31217.4,31217.4,0,31060.76,"2014-10-15","MRF.NS"
14455,14671,14235.7,14389,25300,14294.18,"2013-10-04","MRF.NS"
7276.85,7420,7230,7282.4,8500,7199.44,"2012-01-17","MRF.NS"
12750,12750,12253.1,12305.7,12200,12221.74,"2013-07-03","MRF.NS"
19699.9,19749.9,19421,19478.6,6400,19378.42,"2014-03-05","MRF.NS"
33700,33879,33200,33341.9,2800,33218.41,"2016-06-01","MRF.NS"
37350,37625,36880,37025.6,9500,36883.19,"2015-04-29","MRF.NS"
10682,10690,10225.1,10281.2,8300,10190.27,"2012-05-22","MRF.NS"
38300,38480,37500,37688.1,2800,37548.51,"2016-01-15","MRF.NS"
53699,55554.4,53400.1,55400,35000,55351.44,"2017-01-11","MRF.NS"
40400,40748,40248.6,40505.9,2900,40355.87,"2016-01-04","MRF.NS"
23280.1,23750,23280.1,23694.6,4900,23572.73,"2014-08-04","MRF.NS"
34650,34828,34140,34221.9,3900,34095.15,"2016-07-15","MRF.NS"
19001,19249,18905.1,19162.7,11400,19039.99,"2014-01-03","MRF.NS"
33601.1,33849.9,33470,33532.8,7800,33367.64,"2014-12-01","MRF.NS"
11801,11970,11777,11886.6,3600,11805.49,"2013-04-05","MRF.NS"
10136.6,10136.6,10136.6,10136.6,0,10052.79,"2012-11-14","MRF.NS"
41690,42640.4,41591.9,41854.2,13000,41695.97,"2015-08-13","MRF.NS"
52300,52630,51713.4,52072.9,12500,52030.33,"2017-03-03","MRF.NS"
39888,39888,39111,39358.8,7400,39210,"2015-11-02","MRF.NS"
10530.8,10600,10460,10476.9,4500,10384.24,"2012-07-11","MRF.NS"
69200,70500,68000,68495.6,50100,68439.61,"2017-04-27","MRF.NS"
66861,68399,66500,68136,20700,68080.3,"2017-05-05","MRF.NS"
13099,13278,12902.3,13169.3,13400,13082.52,"2013-09-19","MRF.NS"
37199,38048,37000,37877.2,15300,37731.51,"2015-02-11","MRF.NS"
22700,23350.1,22700,23288.6,7500,23168.82,"2014-07-17","MRF.NS"
11876.5,12394,11876.5,12349.8,17000,12265.53,"2013-04-16","MRF.NS"
15030,15220,14975,15001.3,7800,14898.94,"2013-05-20","MRF.NS"
22506,23130,22506,23009.2,5100,22890.86,"2014-06-02","MRF.NS"
35721,35846.9,34630,34786.2,8900,34657.36,"2016-04-27","MRF.NS"
8495,8775,8357.3,8614.1,37600,8537.92,"2012-02-09","MRF.NS"
37599,38314,36700,37871.1,18800,37684.57,"2014-12-19","MRF.NS"
15297,15450,15218.8,15397.2,7500,15292.14,"2013-05-27","MRF.NS"
35350,35680,35174,35238.2,5400,35107.68,"2016-07-12","MRF.NS"
12278,12500.8,12056.1,12367.3,14200,12265.05,"2012-12-18","MRF.NS"
41856.1,41856.1,41856.1,41856.1,0,41695.11,"2015-04-14","MRF.NS"
13124.2,13124.2,12851,12909.7,10500,12821.61,"2013-03-11","MRF.NS"
49000,49304.9,48799.8,49084.4,8300,49041.38,"2017-01-02","MRF.NS"
19190,19699.9,19075,19633.3,12100,19532.32,"2014-03-04","MRF.NS"
12745.2,12850,12700,12819,7100,12713.01,"2012-12-31","MRF.NS"
44901,45325.6,44250,44510.8,9600,44342.53,"2015-08-10","MRF.NS"
12508,12760,12508,12694.8,6500,12589.84,"2012-12-28","MRF.NS"
61179,62200,60901,62063.4,17000,62012.66,"2017-04-11","MRF.NS"
36589,36589,35400,36452.2,8300,36311.99,"2015-05-14","MRF.NS"
31750,31825,31517,31595.2,5100,31478.18,"2016-06-16","MRF.NS"
35150.6,36450,35150.6,36236.3,4700,36102.09,"2016-01-22","MRF.NS"
31899,32000,31011.1,31217.4,9900,31060.76,"2014-10-14","MRF.NS"
19050,19224,18830.6,18890.3,5700,18793.14,"2014-02-13","MRF.NS"
64200,66755.5,63880,66566.2,28500,66511.79,"2017-04-25","MRF.NS"
40150,40268,39650,39729.1,4200,39576.29,"2015-02-05","MRF.NS"
8449,8449,8252.5,8283.75,6600,8210.49,"2012-02-07","MRF.NS"
36225,36800,35540,36362,3400,36227.32,"2016-01-19","MRF.NS"
35400,35790,34851.3,35714.5,10700,35577.13,"2015-07-13","MRF.NS"
13191.5,13388.8,13025,13060.5,4900,12952.51,"2013-01-29","MRF.NS"
48370,49685,47968.1,48996.5,10800,48953.56,"2016-12-23","MRF.NS"
11279.2,11449,11210.1,11280.7,16500,11180.93,"2012-04-27","MRF.NS"
37690,37850,36160.9,36345.7,10900,36205.9,"2015-05-06","MRF.NS"
21450,21747,21410.1,21602.2,6900,21491.09,"2014-05-12","MRF.NS"
9999,10155,9931.05,10016.5,10300,9927.92,"2012-03-15","MRF.NS"
12644,12750,12555.5,12689.5,4800,12602.92,"2013-02-20","MRF.NS"
13385,13950,13290,13855.7,24700,13764.4,"2013-10-01","MRF.NS"
22460,22924.2,21625,22821.3,10000,22703.92,"2014-07-16","MRF.NS"
36150,36199,34343,34613.3,9300,34480.16,"2015-06-02","MRF.NS"
34100,35095,34000.1,34618.8,7600,34490.58,"2016-02-02","MRF.NS"
34500,34944.4,33201,33434.9,31700,33311.06,"2016-05-03","MRF.NS"
12353.5,12551.7,12015,12486.8,14500,12401.6,"2013-02-15","MRF.NS"
38987,39328.4,38987,39213,1700,39067.76,"2015-12-21","MRF.NS"
22222,22477.8,22010,22379.9,10500,22264.79,"2014-04-04","MRF.NS"
23795,23797.9,23238,23360.2,4700,23242.98,"2014-08-11","MRF.NS"
40675,41047.5,39510,39751.4,13000,39601.12,"2015-10-30","MRF.NS"
34689.8,34689.8,34052.1,34153.6,5200,34027.1,"2016-07-22","MRF.NS"
41499,41990,41300,41856.1,8400,41695.11,"2015-04-13","MRF.NS"
13234,13250,13060,13146.7,4700,13057,"2013-02-05","MRF.NS"
54000,54650,53305.7,53892.8,34500,53842.39,"2016-10-06","MRF.NS"
49109,49500,46501,46672.4,13800,46631.49,"2016-11-21","MRF.NS"
33400,33675,32880,33151.2,24600,32987.92,"2014-11-27","MRF.NS"
13188,13536.2,13050,13421.5,10300,13333.06,"2013-09-04","MRF.NS"
7021,7087.55,6915,6956.85,15700,6877.6,"2012-01-05","MRF.NS"
50679.8,50769.8,50181.6,50386.1,7000,50341.94,"2017-01-04","MRF.NS"
31101,31739.8,31005,31523.7,18500,31365.52,"2014-09-18","MRF.NS"
39333,39642.8,38810,38850,5800,38706.11,"2015-11-30","MRF.NS"
15200,15210,14721,14752.3,9000,14651.64,"2013-06-10","MRF.NS"
33699,34400,33450,34281.4,17300,34112.55,"2014-12-02","MRF.NS"
11191.6,11485,11050,11442.9,17600,11341.7,"2012-04-25","MRF.NS"
35000,35500.6,34837,35102.2,10000,34967.18,"2015-07-07","MRF.NS"
22837.3,22837.3,22837.3,22837.3,0,22719.84,"2014-04-14","MRF.NS"
10490,10721,10263.2,10659.8,20600,10568.59,"2012-08-06","MRF.NS"
24265.1,24599,23655,23785.3,7400,23662.97,"2014-06-11","MRF.NS"
10192.2,10220,9982,10034.5,9200,9945.76,"2012-06-25","MRF.NS"
13279.8,13297,12865,12907.8,8100,12819.73,"2013-02-13","MRF.NS"
16950,17210,16900.1,16982.7,13000,16873.95,"2013-11-19","MRF.NS"
41951,42330,41720.2,41899,5700,41740.6,"2015-10-16","MRF.NS"
29897,31513.8,29701,31058.8,47800,30902.95,"2014-09-10","MRF.NS"
21670,21790,21450.1,21583.2,9200,21472.19,"2014-03-19","MRF.NS"
35502.7,35840.1,35190.9,35292.8,4300,35162.08,"2016-07-11","MRF.NS"
40187,40500,40017.6,40166.5,9200,40014.65,"2015-09-18","MRF.NS"
12888,12888,12580,12657.5,5100,12571.13,"2013-03-13","MRF.NS"
34799,34989,33879.9,34748.9,8600,34615.24,"2015-06-03","MRF.NS"
12050,12567.2,11810,11985.4,6600,11903.62,"2013-04-03","MRF.NS"
31499,31500,30101,31317.2,5800,31201.21,"2016-06-24","MRF.NS"
11205,11825,11185,11641.6,47800,11545.35,"2012-12-05","MRF.NS"
37453,38024.9,36535.1,37674.8,21400,37489.24,"2014-12-11","MRF.NS"
12951,13319,12950,13202.2,8800,13115.21,"2013-08-23","MRF.NS"
12300,12480,12250,12319.7,23000,12217.84,"2012-12-12","MRF.NS"
13351,13366,13124.2,13279.1,10200,13169.31,"2013-01-03","MRF.NS"
12725,13650,12600.1,13588.3,28700,13495.58,"2013-07-18","MRF.NS"
32446.6,33534.9,32446.6,33032.6,14000,32905.54,"2015-06-17","MRF.NS"
39090,39479.4,38600,39237.4,4400,39092.07,"2015-12-01","MRF.NS"
11669,11780,11418,11593,10300,11513.9,"2013-03-04","MRF.NS"
10685,10790,10534,10653,10900,10561.84,"2012-08-10","MRF.NS"
36595.8,36595.8,36595.8,36595.8,0,36460.26,"2016-04-14","MRF.NS"
47720,49498,47720,49118.9,13800,49075.85,"2016-11-29","MRF.NS"
22769,22975,22401,22445.3,7800,22329.86,"2014-05-21","MRF.NS"
6930,6999,6891,6957.75,2800,6878.49,"2012-01-06","MRF.NS"
38102.9,38102.9,38102.9,38102.9,0,37961.77,"2015-11-11","MRF.NS"
35948.9,35948.9,35350,35486.1,5400,35349.61,"2015-07-14","MRF.NS"
40643,41200.1,40297.6,40419.2,4500,40269.49,"2016-01-06","MRF.NS"
11313,11500,11300,11385.3,20800,11284.61,"2012-04-20","MRF.NS"
10140,10265,10080,10225.7,3200,10135.27,"2012-07-18","MRF.NS"
32597,32787.4,31800,32547.1,5100,32426.55,"2016-02-29","MRF.NS"
56500,58300,55854.3,58045.1,28200,57997.65,"2017-03-21","MRF.NS"
32805,33390,32600.1,33297.4,9300,33174.07,"2016-05-12","MRF.NS"
23263,23500,23110.1,23180.5,1900,23061.28,"2014-06-20","MRF.NS"
13372.8,13372.8,13187.1,13245.6,4600,13155.22,"2013-02-06","MRF.NS"
31540,31859.9,31533.2,31662.9,6300,31504.02,"2014-10-13","MRF.NS"
10331,10420.1,10220,10272.8,11600,10184.9,"2012-09-28","MRF.NS"
33960,34449,33650,33799.1,9300,33673.92,"2016-08-01","MRF.NS"
37923.8,38455.1,37531.9,37918.6,14500,37731.84,"2014-12-31","MRF.NS"
17499,17500,17070,17348.9,28800,17237.81,"2013-11-29","MRF.NS"
48288,50443,48001.1,50095.4,30000,50048.54,"2016-11-01","MRF.NS"
12900,12902.8,12247,12313.7,12800,12229.68,"2013-02-14","MRF.NS"
33751,34189.2,33750.9,33922.4,9300,33796.76,"2016-08-02","MRF.NS"
37879.9,38180,36418,37073.2,23100,36890.6,"2014-12-09","MRF.NS"
10350,10600,10210,10548.5,10500,10455.21,"2012-05-24","MRF.NS"
11001,11001,10740,10790.2,7500,10694.77,"2012-05-30","MRF.NS"
40940,41109.9,40500.1,40831.2,6500,40674.15,"2015-04-09","MRF.NS"
15086.9,15086.9,15086.9,15086.9,0,14987.49,"2013-10-16","MRF.NS"
50187.9,51100,49728.6,50438.2,22600,50391.02,"2016-10-21","MRF.NS"
14800,15300,14760.1,15184.3,21300,15084.24,"2013-10-11","MRF.NS"
52750,53427.9,52100,52983.9,18700,52940.59,"2017-03-14","MRF.NS"
37988.9,37988.9,37310.6,37431.8,6900,37396.79,"2016-08-31","MRF.NS"
38850,39660.4,38405.3,39557,7700,39404.85,"2015-04-01","MRF.NS"
49800,50094.5,46199.9,46403.6,37900,46360.19,"2016-10-27","MRF.NS"
39349.9,39549,39000,39381.9,3600,39236.03,"2015-11-20","MRF.NS"
54530,54530,53065,53471.9,18700,53421.88,"2016-10-07","MRF.NS"
10547.8,10600,10340,10380,7200,10288.2,"2012-06-14","MRF.NS"
37.75,37.8,36.25,36.5,94900,36.5,"2013-07-03","MRPL.NS"
33.25,33.9,33,33.2,225100,33.2,"2013-09-27","MRPL.NS"
68.2,68.7,65.2,66.15,466600,66.15,"2014-07-09","MRPL.NS"
68.75,68.75,67.6,67.85,245500,67.85,"2014-07-24","MRPL.NS"
65.45,67.15,64.9,66.8,331400,65.69,"2012-04-12","MRPL.NS"
65.2,68.35,65.2,67.9,906700,67.9,"2015-12-17","MRPL.NS"
68,68.8,67.2,68,313800,68,"2016-06-07","MRPL.NS"
60.5,61.65,60.15,61,422400,61,"2012-09-28","MRPL.NS"
40,41,40,40.4,132500,40.4,"2013-06-13","MRPL.NS"
41.95,41.95,39.7,40.35,362400,40.35,"2013-10-23","MRPL.NS"
73.85,75.3,71.95,73.4,3288500,73.4,"2015-08-11","MRPL.NS"
70.9,72.9,70.15,70.8,1960200,70.8,"2015-07-29","MRPL.NS"
67.4,72,67.4,71.6,1303000,71.6,"2015-05-15","MRPL.NS"
52.4,52.9,49.85,50.4,197700,50.4,"2013-04-03","MRPL.NS"
77,77.45,72.25,72.85,2170000,72.85,"2015-07-09","MRPL.NS"
66.95,68.35,65.5,65.65,979800,65.65,"2014-09-09","MRPL.NS"
64.25,67,64.1,66.55,1036200,66.55,"2014-09-08","MRPL.NS"
58.5,60.65,58.5,60,610300,59,"2012-07-11","MRPL.NS"
54.1,55.2,54.05,54.4,235600,54.4,"2014-12-04","MRPL.NS"
89.7,91.5,89.3,90.15,584200,90.15,"2016-10-24","MRPL.NS"
68.5,69.4,66.6,67.05,368100,67.05,"2013-01-08","MRPL.NS"
46.5,48.65,46.5,47.4,393400,47.4,"2014-04-04","MRPL.NS"
64.5,64.7,63,63.35,221500,63.35,"2012-11-12","MRPL.NS"
73.7,74.8,71.3,72.45,298100,72.45,"2015-04-22","MRPL.NS"
60,64.25,60,63.45,1330500,63.45,"2014-05-19","MRPL.NS"
72.6,76.9,72.5,74.4,3918200,74.4,"2015-06-17","MRPL.NS"
58.85,59.8,58.85,59.2,440200,59.2,"2014-11-03","MRPL.NS"
67.45,68.8,66.45,67.75,522300,67.75,"2015-03-09","MRPL.NS"
92.5,93.3,89.3,90.3,669800,90.3,"2016-10-28","MRPL.NS"
33.5,34.15,33.5,33.7,100800,33.7,"2013-10-10","MRPL.NS"
52.5,52.75,51.5,52.5,324700,52.5,"2013-03-20","MRPL.NS"
81.1,82.95,81.1,82.4,1131800,82.4,"2016-09-12","MRPL.NS"
70,74,70,72.15,1801700,72.15,"2015-06-16","MRPL.NS"
65,66,61.05,62.55,1073600,61.51,"2012-03-23","MRPL.NS"
70,70.35,68.85,69.55,548800,69.55,"2014-07-18","MRPL.NS"
68.4,69.6,67.85,68.85,375800,68.85,"2016-05-10","MRPL.NS"
66.85,66.85,64.8,65.45,249000,65.45,"2012-10-12","MRPL.NS"
67,68.95,66.85,67.35,461200,67.35,"2015-12-02","MRPL.NS"
48.45,48.8,47.3,47.5,220000,47.5,"2014-12-15","MRPL.NS"
68.1,69.3,67.15,67.6,219400,67.6,"2016-04-29","MRPL.NS"
62.15,62.45,61.55,61.9,213000,61.9,"2013-01-02","MRPL.NS"
63.45,64.5,61.25,62.05,2702800,62.05,"2014-09-19","MRPL.NS"
66.75,67.7,66,66.3,311200,66.3,"2015-12-04","MRPL.NS"
70.5,70.5,66.75,68.1,649900,68.1,"2014-05-27","MRPL.NS"
73,73.25,70.15,70.55,400100,70.55,"2016-07-15","MRPL.NS"
54.25,55.5,53.6,54.15,410900,54.15,"2014-12-03","MRPL.NS"
66.3,68.4,64.3,64.65,565000,64.65,"2014-08-07","MRPL.NS"
41.2,42.8,41.1,41.8,124800,41.8,"2014-03-14","MRPL.NS"
43.95,44.9,40.65,42.1,504300,42.1,"2013-11-20","MRPL.NS"
81.5,92.65,81.3,89.05,12350500,89.05,"2016-07-25","MRPL.NS"
305.95,305.95,305.95,305.95,0,284.86,"2012-10-26","MCLEODRUSS.NS"
183.85,183.85,178.55,179.75,212600,178.02,"2016-06-06","MCLEODRUSS.NS"
261.4,264.8,256.1,260,438500,254.18,"2015-04-16","MCLEODRUSS.NS"
204.3,208.7,202.9,204.35,505900,204.35,"2016-07-29","MCLEODRUSS.NS"
235,240.9,232.65,238.9,286300,233.55,"2014-12-11","MCLEODRUSS.NS"
267.05,282.35,267,281.5,866800,268.79,"2014-02-21","MCLEODRUSS.NS"
301,301.6,293.7,296.5,384600,283.12,"2014-04-02","MCLEODRUSS.NS"
209.5,216.75,209.2,213.45,1139800,211.4,"2016-07-07","MCLEODRUSS.NS"
182.35,193,181.65,191.5,1760200,191.5,"2017-04-26","MCLEODRUSS.NS"
226.5,226.5,221.4,222.75,503200,217.77,"2015-01-09","MCLEODRUSS.NS"
270,272.8,267.4,268.05,319800,255.95,"2014-05-28","MCLEODRUSS.NS"
152.55,154.5,150,150.95,172300,150.95,"2016-11-17","MCLEODRUSS.NS"
230.2,231.3,216.5,220.5,487500,215.57,"2015-01-06","MCLEODRUSS.NS"
232,232.5,225.2,227.2,1351700,222.12,"2014-12-24","MCLEODRUSS.NS"
286.7,297.8,284.2,295.35,1097000,282.02,"2014-06-06","MCLEODRUSS.NS"
281.25,285.25,274.85,275.9,403600,269.73,"2014-10-08","MCLEODRUSS.NS"
172.3,174.4,171.1,171.7,405900,170.05,"2016-01-06","MCLEODRUSS.NS"
288.2,292.85,286.6,291,534700,284.49,"2014-08-22","MCLEODRUSS.NS"
280,282,275.5,276.25,140600,252.24,"2012-04-18","MCLEODRUSS.NS"
192.8,196,190.4,193.85,912900,191.99,"2016-06-30","MCLEODRUSS.NS"
294,300.95,291.35,298.5,244000,277.92,"2013-06-03","MCLEODRUSS.NS"
367.75,376.4,358.2,374.9,302700,349.05,"2013-02-27","MCLEODRUSS.NS"
180.5,183.4,178.85,179.55,430700,179.55,"2016-09-21","MCLEODRUSS.NS"
172,174.4,169.5,171.35,586400,171.35,"2017-02-20","MCLEODRUSS.NS"
189.7,190.85,182.3,183.2,647700,183.2,"2016-08-25","MCLEODRUSS.NS"
318,330.4,318,323.2,239800,300.92,"2012-09-28","MCLEODRUSS.NS"
200,206.5,199.25,204.35,711500,204.35,"2016-07-27","MCLEODRUSS.NS"
282.4,284.9,275.4,276.4,417800,263.92,"2014-04-29","MCLEODRUSS.NS"
172.25,173,169.65,172.4,257700,172.4,"2017-02-28","MCLEODRUSS.NS"
204.95,207.45,202.05,203.5,484200,198.95,"2015-01-29","MCLEODRUSS.NS"
177.95,179.2,171.5,173.15,496900,171.49,"2015-12-09","MCLEODRUSS.NS"
155,156.8,151.25,152.7,213100,151.23,"2016-02-02","MCLEODRUSS.NS"
254.95,262,251.05,252.85,425900,247.19,"2015-04-24","MCLEODRUSS.NS"
323.5,323.8,313.5,316.45,379900,302.17,"2014-01-06","MCLEODRUSS.NS"
246.55,246.55,246.55,246.55,0,241.03,"2014-10-24","MCLEODRUSS.NS"
243,243.8,236,240.35,137800,234.97,"2015-04-06","MCLEODRUSS.NS"
367.85,378.15,364.05,375.05,332100,349.19,"2013-02-19","MCLEODRUSS.NS"
323.25,323.3,312.1,313.65,497100,292.02,"2012-08-21","MCLEODRUSS.NS"
257.3,257.55,253.1,256.55,77600,244.97,"2013-09-25","MCLEODRUSS.NS"
309.15,320.1,307.5,316.05,607300,294.26,"2013-05-02","MCLEODRUSS.NS"
256.5,259.4,250.1,258.2,350100,246.55,"2014-01-30","MCLEODRUSS.NS"
272.05,278.5,267.95,273.3,195400,249.55,"2012-06-18","MCLEODRUSS.NS"
274.95,274.95,274.95,274.95,0,262.54,"2014-04-18","MCLEODRUSS.NS"
255.95,269,255.3,260.05,910000,254.23,"2015-04-15","MCLEODRUSS.NS"
286,291.7,283.3,286.45,415700,273.52,"2014-01-17","MCLEODRUSS.NS"
257,268.7,254.45,267.2,550600,255.14,"2013-10-08","MCLEODRUSS.NS"
303.4,306.5,297.1,300.7,311800,287.13,"2014-07-11","MCLEODRUSS.NS"
177,179.1,173.5,174,322800,172.33,"2015-11-24","MCLEODRUSS.NS"
181.45,181.45,181.45,181.45,0,181.45,"2017-04-14","MCLEODRUSS.NS"
284.5,284.5,282,282.95,238800,270.18,"2013-11-27","MCLEODRUSS.NS"
238,242.6,232.5,236.85,414000,231.55,"2015-05-06","MCLEODRUSS.NS"
174.3,176.45,171.55,172.65,684300,170.99,"2015-12-16","MCLEODRUSS.NS"
325.25,328.45,318,322.95,318500,300.68,"2012-08-17","MCLEODRUSS.NS"
259.05,264.2,259.05,262.95,145100,251.08,"2013-09-13","MCLEODRUSS.NS"
352.05,357.5,351.2,352.35,169800,328.06,"2013-01-09","MCLEODRUSS.NS"
280.4,280.4,266,269.45,76500,257.29,"2013-08-06","MCLEODRUSS.NS"
191.1,199.3,191,197.2,675300,180.06,"2012-02-09","MCLEODRUSS.NS"
274,283.6,274,282.75,157400,269.99,"2013-10-25","MCLEODRUSS.NS"
161,165.95,158.95,164.6,365200,163.02,"2015-10-07","MCLEODRUSS.NS"
303.55,304.4,295,296.5,177000,276.06,"2012-10-29","MCLEODRUSS.NS"
336.05,339.5,330.55,332.6,176900,309.67,"2012-09-12","MCLEODRUSS.NS"
323,329.8,318.3,319,71000,297.01,"2012-08-13","MCLEODRUSS.NS"
139.8,140.85,138.35,139.95,538600,139.95,"2016-12-29","MCLEODRUSS.NS"
150,152.4,148.75,149.3,326400,147.86,"2015-09-28","MCLEODRUSS.NS"
185,192,185,190.3,246800,190.3,"2017-05-08","MCLEODRUSS.NS"
173,177.5,171,176.55,335900,174.85,"2016-03-09","MCLEODRUSS.NS"
280.05,280.05,280.05,280.05,0,255.71,"2012-05-01","MCLEODRUSS.NS"
176.05,178.25,175,175.25,187400,173.56,"2015-12-22","MCLEODRUSS.NS"
148.4,149.85,144.7,146.1,804200,146.1,"2016-11-24","MCLEODRUSS.NS"
231,235,229.65,232.25,124800,227.05,"2014-12-15","MCLEODRUSS.NS"
299.6,301.65,294,295.85,745100,282.5,"2014-06-11","MCLEODRUSS.NS"
148,149.75,147.6,148.8,405300,148.8,"2016-11-29","MCLEODRUSS.NS"
180,186.6,176.7,177.7,1951700,175.99,"2015-12-08","MCLEODRUSS.NS"
174.7,175,169.4,171.85,441400,170.2,"2015-10-09","MCLEODRUSS.NS"
278.55,288.95,272.15,284.8,591300,271.95,"2014-03-03","MCLEODRUSS.NS"
194.95,200.4,192.6,194.2,812100,192.33,"2016-06-17","MCLEODRUSS.NS"
209,209,202.3,203.6,354200,199.04,"2015-01-28","MCLEODRUSS.NS"
311,314.5,309,311.45,136200,289.98,"2012-11-08","MCLEODRUSS.NS"
252.5,258.5,251.4,255.3,416800,249.59,"2015-04-13","MCLEODRUSS.NS"
294,296,281.8,283.6,713800,270.8,"2014-05-23","MCLEODRUSS.NS"
219.4,220.4,214.5,216,252700,213.92,"2015-08-10","MCLEODRUSS.NS"
166.9,168.3,165.8,166.9,89400,166.9,"2017-04-03","MCLEODRUSS.NS"
243,243.75,232.6,236.05,405900,230.77,"2015-05-28","MCLEODRUSS.NS"
275,280.8,270.1,274.85,407000,262.44,"2014-05-08","MCLEODRUSS.NS"
220.15,222.7,218.5,220.15,734000,215.22,"2015-01-08","MCLEODRUSS.NS"
165.8,168.2,162,166.9,122200,165.3,"2015-11-13","MCLEODRUSS.NS"
295.9,296.65,288.5,289.85,431000,264.66,"2012-06-11","MCLEODRUSS.NS"
171.55,173.9,170.3,172.15,449900,170.49,"2016-01-05","MCLEODRUSS.NS"
233.45,235.9,227.25,229.3,222800,224.17,"2014-12-09","MCLEODRUSS.NS"
274.9,280.4,266.05,278,74900,265.45,"2013-08-05","MCLEODRUSS.NS"
319.5,325,317.4,319.75,114600,297.7,"2012-08-09","MCLEODRUSS.NS"
309,313.45,307.9,312.7,183700,291.14,"2012-11-07","MCLEODRUSS.NS"
257.7,263,255.6,257.1,220700,245.5,"2014-01-31","MCLEODRUSS.NS"
179.2,181.4,175.3,176,191300,174.31,"2015-10-23","MCLEODRUSS.NS"
153.85,155.8,152.8,154.55,689400,154.55,"2017-01-24","MCLEODRUSS.NS"
327.95,329.4,320,321.15,409100,299.01,"2012-07-31","MCLEODRUSS.NS"
316.85,316.85,316.85,316.85,0,295,"2012-08-15","MCLEODRUSS.NS"
174.9,175.9,170.35,171.7,528300,170.05,"2016-01-04","MCLEODRUSS.NS"
207,211.7,204.3,208.85,142700,204.18,"2015-02-09","MCLEODRUSS.NS"
354.5,360,350.1,358.6,527700,333.88,"2013-01-30","MCLEODRUSS.NS"
308,309.9,294.05,298.25,569000,284.79,"2014-04-01","MCLEODRUSS.NS"
183.65,186.3,180.25,181.85,489900,181.85,"2016-09-16","MCLEODRUSS.NS"
311,316.9,309.3,312.05,584700,290.53,"2013-04-25","MCLEODRUSS.NS"
187,187.85,183.4,184.8,125400,184.8,"2017-05-05","MCLEODRUSS.NS"
280,282.9,275.3,278.15,126800,265.6,"2013-07-26","MCLEODRUSS.NS"
301.1,308.35,265.55,306.75,68600,285.6,"2012-11-12","MCLEODRUSS.NS"
261,264.05,257.05,259,113200,247.31,"2013-09-20","MCLEODRUSS.NS"
248.55,253.3,248.2,251.9,776500,246.26,"2014-10-27","MCLEODRUSS.NS"
284.8,291.9,282.5,290.6,462500,284.1,"2014-08-20","MCLEODRUSS.NS"
237.6,242.35,234.55,235.3,299400,230.03,"2014-12-08","MCLEODRUSS.NS"
151.55,154,149.3,151.4,190300,149.94,"2016-02-08","MCLEODRUSS.NS"
200.9,202,191.8,192.9,5e+05,192.9,"2016-08-02","MCLEODRUSS.NS"
286.1,290.85,277.05,279.1,379100,266.5,"2013-10-30","MCLEODRUSS.NS"
182,182,177,178.95,672600,177.23,"2016-03-17","MCLEODRUSS.NS"
277.15,278.9,271.2,271.85,203500,265.77,"2014-10-10","MCLEODRUSS.NS"
241.7,247.5,240.05,244,689200,238.54,"2015-03-05","MCLEODRUSS.NS"
269.9,278.9,266.15,276.65,69100,264.16,"2013-08-08","MCLEODRUSS.NS"
174,174,174,174,0,172.33,"2015-11-25","MCLEODRUSS.NS"
241,245.6,237.45,238.65,320100,233.31,"2015-05-04","MCLEODRUSS.NS"
346.9,346.9,332.55,333.5,150000,310.51,"2013-04-09","MCLEODRUSS.NS"
271.9,272.75,256.2,256.9,389600,251.15,"2014-11-05","MCLEODRUSS.NS"
161.3,173.85,161.3,167.05,713000,165.44,"2015-09-15","MCLEODRUSS.NS"
174.8,175.65,171.75,174.7,580600,173.02,"2015-12-17","MCLEODRUSS.NS"
208.9,208.9,192.3,193.65,354000,176.82,"2012-01-11","MCLEODRUSS.NS"
279.9,290,276.85,286.8,291200,273.85,"2014-03-21","MCLEODRUSS.NS"
239.95,245,239.2,239.95,183300,234.58,"2015-03-10","MCLEODRUSS.NS"
180,187.9,178.65,181.85,670300,180.1,"2016-05-05","MCLEODRUSS.NS"
367.7,367.7,360,362.65,162500,337.65,"2013-02-08","MCLEODRUSS.NS"
296,296,287.05,288.8,391100,275.76,"2014-04-04","MCLEODRUSS.NS"
281,286.85,279,282.45,118100,269.7,"2013-07-22","MCLEODRUSS.NS"
304.5,307.45,291.9,294.05,553500,287.47,"2014-09-16","MCLEODRUSS.NS"
268.05,271.45,265.05,267.85,506400,255.76,"2014-05-29","MCLEODRUSS.NS"
233.5,235.5,228.45,231.65,164300,226.47,"2015-07-20","MCLEODRUSS.NS"
251.1,258,251.1,256.8,159700,245.21,"2014-02-18","MCLEODRUSS.NS"
309.9,309.9,297.1,298.1,330200,277.55,"2013-05-30","MCLEODRUSS.NS"
327.6,333.3,322.95,327.65,356900,305.06,"2012-07-20","MCLEODRUSS.NS"
349.05,351.3,342.25,348.1,444300,324.1,"2012-12-14","MCLEODRUSS.NS"
283,284.5,280.65,283.05,265600,270.27,"2013-11-26","MCLEODRUSS.NS"
142.8,144.15,140.75,141.25,1581900,141.25,"2017-01-06","MCLEODRUSS.NS"
168,168,168,168,0,168,"2017-03-13","MCLEODRUSS.NS"
163.4,169.5,163.4,165.05,275700,163.46,"2015-09-11","MCLEODRUSS.NS"
249.8,249.95,240.35,241.4,82300,236,"2015-03-19","MCLEODRUSS.NS"
281.45,281.45,281.45,281.45,0,268.75,"2014-02-27","MCLEODRUSS.NS"
281.15,289,278.5,286.8,211100,273.85,"2013-07-29","MCLEODRUSS.NS"
184,185.3,178.15,182.2,1119500,180.45,"2016-03-28","MCLEODRUSS.NS"
185,199.5,182.95,197.5,2939800,195.6,"2016-06-13","MCLEODRUSS.NS"
314.45,320,310,318.2,437300,296.26,"2013-05-03","MCLEODRUSS.NS"
295.5,303.75,295.5,302.45,361600,288.8,"2014-06-25","MCLEODRUSS.NS"
220,225.35,217,220.9,285300,215.96,"2015-07-06","MCLEODRUSS.NS"
207.7,209.3,202.4,203.45,610700,201.49,"2016-07-21","MCLEODRUSS.NS"
288.5,292,287,289.95,542800,276.86,"2014-05-22","MCLEODRUSS.NS"
309.15,312.35,302.1,303.45,374600,296.66,"2014-09-23","MCLEODRUSS.NS"
308.35,314.1,303,305.95,697700,284.86,"2012-10-25","MCLEODRUSS.NS"
197.7,197.7,197.7,197.7,0,195.8,"2016-04-14","MCLEODRUSS.NS"
199.9,201.75,195.4,196.65,1579900,194.76,"2016-06-14","MCLEODRUSS.NS"
222.5,241.9,221.1,235.25,1500900,229.99,"2015-07-07","MCLEODRUSS.NS"
260.7,260.7,255.1,256.65,67400,245.07,"2013-09-23","MCLEODRUSS.NS"
252.7,255.85,250.75,253.15,129400,241.72,"2014-02-14","MCLEODRUSS.NS"
301,315.4,301,312.5,960900,298.39,"2013-12-17","MCLEODRUSS.NS"
273,284.35,271.05,280.35,617000,255.98,"2012-04-02","MCLEODRUSS.NS"
240.55,240.55,240.55,240.55,0,235.17,"2015-04-02","MCLEODRUSS.NS"
146.9,149,146.65,147.25,349600,147.25,"2016-12-06","MCLEODRUSS.NS"
279.9,281.95,279,280.2,226200,260.88,"2013-07-10","MCLEODRUSS.NS"
324.85,334,321.4,330.25,276400,307.48,"2012-09-18","MCLEODRUSS.NS"
240,242.9,234,234.5,211100,229.25,"2015-06-26","MCLEODRUSS.NS"
220,229.9,219.3,226.95,277400,221.87,"2015-06-30","MCLEODRUSS.NS"
148.45,150.65,147.4,148.5,547700,148.5,"2016-12-08","MCLEODRUSS.NS"
227.5,230.9,226.75,228.5,202200,223.39,"2014-12-29","MCLEODRUSS.NS"
268.05,277.25,268.05,273.8,307000,261.44,"2014-01-23","MCLEODRUSS.NS"
226.75,231.8,226.5,229.7,150000,224.56,"2015-07-10","MCLEODRUSS.NS"
283,285,270.05,274.2,823700,261.82,"2013-10-31","MCLEODRUSS.NS"
319,325.45,313.2,314.65,433000,292.96,"2012-11-16","MCLEODRUSS.NS"
195.4,196,188.4,190.7,405600,190.7,"2017-04-27","MCLEODRUSS.NS"
242.8,246,238.2,245.2,571400,239.71,"2014-11-17","MCLEODRUSS.NS"
149.45,149.45,149.45,149.45,0,148.01,"2015-09-25","MCLEODRUSS.NS"
224,230,224,228.25,611900,226.06,"2015-08-03","MCLEODRUSS.NS"
233,235,230.9,232.4,282700,227.2,"2015-03-03","MCLEODRUSS.NS"
152,152,149,149.45,562100,148.01,"2015-09-24","MCLEODRUSS.NS"
271.45,271.45,271.45,271.45,0,259.2,"2013-10-16","MCLEODRUSS.NS"
213.8,214.55,207.6,209.5,1513100,207.49,"2016-07-04","MCLEODRUSS.NS"
148.35,148.35,144.55,146.55,826600,146.55,"2017-01-10","MCLEODRUSS.NS"
170.55,173.45,167.55,171.35,255300,169.7,"2015-12-14","MCLEODRUSS.NS"
172.45,173.1,165.75,166.8,235700,165.2,"2015-11-04","MCLEODRUSS.NS"
276,276.9,272.5,274.5,446200,262.11,"2013-11-19","MCLEODRUSS.NS"
292.65,292.65,284.5,289.85,271900,264.66,"2012-06-21","MCLEODRUSS.NS"
108,110.7,106,108.55,31900,108.55,"2015-07-06","KIRIINDUS.NS"
51.7,55,51,54.05,18300,54.05,"2014-02-10","KIRIINDUS.NS"
270,277.75,256.6,263.7,489800,263.7,"2016-11-18","KIRIINDUS.NS"
326.75,333.7,324,326.8,301000,326.8,"2017-01-16","KIRIINDUS.NS"
70.9,75.1,69,73.75,56000,73.75,"2015-02-13","KIRIINDUS.NS"
110.95,112.8,107.9,109.1,13800,109.1,"2015-05-19","KIRIINDUS.NS"
22.15,24.9,22.15,23.85,54100,23.85,"2012-09-28","KIRIINDUS.NS"
114.8,118.45,112,112.55,22500,112.55,"2014-06-19","KIRIINDUS.NS"
26,26,24.7,24.8,47600,24.8,"2012-06-26","KIRIINDUS.NS"
279.6,296.45,279.4,294.2,632000,294.2,"2016-11-25","KIRIINDUS.NS"
72.9,73.4,72,72.75,14100,72.75,"2015-02-27","KIRIINDUS.NS"
324.5,336,324.5,331.1,574700,331.1,"2017-01-05","KIRIINDUS.NS"
287.9,288.5,280.05,282.05,116300,282.05,"2017-05-05","KIRIINDUS.NS"
89.15,93.95,89.15,91.5,9500,91.5,"2015-09-03","KIRIINDUS.NS"
12.5,12.95,11.9,12,140700,12,"2012-12-18","KIRIINDUS.NS"
133.65,139.8,131.5,132.45,40800,132.45,"2014-05-15","KIRIINDUS.NS"
99,104.2,92,95.55,15300,95.55,"2012-03-22","KIRIINDUS.NS"
57.05,60.5,56.45,57.3,39300,57.3,"2013-12-26","KIRIINDUS.NS"
70.05,80,68,73.6,69500,73.6,"2014-12-19","KIRIINDUS.NS"
132.65,137,128,129.35,47800,129.35,"2014-10-07","KIRIINDUS.NS"
139.35,139.35,139.35,139.35,0,139.35,"2015-04-02","KIRIINDUS.NS"
373,383.8,363.15,366.55,1164200,366.55,"2016-06-21","KIRIINDUS.NS"
21.1,21.85,21,21.65,3700,21.65,"2012-09-04","KIRIINDUS.NS"
23.55,24.45,23.1,23.6,90100,23.6,"2012-07-02","KIRIINDUS.NS"
5,5.3,4.9,5.2,20900,5.2,"2013-07-22","KIRIINDUS.NS"
129.15,131,125,125.85,42900,125.85,"2014-09-19","KIRIINDUS.NS"
11.9,11.9,11.5,11.6,31900,11.6,"2013-01-17","KIRIINDUS.NS"
69.65,74.8,69.65,70.6,55500,70.6,"2015-01-20","KIRIINDUS.NS"
11.7,12.05,11.6,11.85,68700,11.85,"2012-12-13","KIRIINDUS.NS"
201,201,192,194.4,178600,194.4,"2016-06-01","KIRIINDUS.NS"
109.45,109.45,104.1,105,20800,105,"2015-12-03","KIRIINDUS.NS"
4.7,5.25,4.7,5.15,9900,5.15,"2013-08-07","KIRIINDUS.NS"
104.6,104.6,104.6,104.6,0,104.6,"2016-03-24","KIRIINDUS.NS"
90,93.3,89.65,92,10900,92,"2012-03-15","KIRIINDUS.NS"
110,113.7,110,111.6,16400,111.6,"2015-05-21","KIRIINDUS.NS"
73.6,77.95,71.4,75.7,21400,75.7,"2016-02-12","KIRIINDUS.NS"
111.45,112,108.5,110.85,10200,110.85,"2015-11-27","KIRIINDUS.NS"
70.3,73,65.9,69.3,89100,69.3,"2015-02-12","KIRIINDUS.NS"
9.6,9.6,9.6,9.6,0,9.6,"2013-03-27","KIRIINDUS.NS"
293.95,301.65,287.9,289.4,286500,289.4,"2017-04-18","KIRIINDUS.NS"
98,98,89.55,90.45,5500,90.45,"2012-03-26","KIRIINDUS.NS"
375,389.8,375,381.8,1054800,381.8,"2016-06-28","KIRIINDUS.NS"
141,146.1,136,143.4,47500,143.4,"2014-08-06","KIRIINDUS.NS"
164.8,168.05,155.05,167.9,1551100,167.9,"2016-04-06","KIRIINDUS.NS"
104.6,104.6,104.6,104.6,0,104.6,"2016-03-25","KIRIINDUS.NS"
22.85,22.9,21.75,22.05,34700,22.05,"2012-09-24","KIRIINDUS.NS"
6.1,6.2,5.55,6.2,33800,6.2,"2013-07-10","KIRIINDUS.NS"
155.75,155.75,150.3,155.75,67200,155.75,"2014-04-25","KIRIINDUS.NS"
290.5,293,286.3,290.1,104600,290.1,"2017-04-19","KIRIINDUS.NS"
122.1,124.5,116,117.45,29000,117.45,"2015-10-21","KIRIINDUS.NS"
51,53.75,50.25,51.15,23700,51.15,"2014-01-31","KIRIINDUS.NS"
89,92.5,88.25,91.35,8900,91.35,"2012-03-14","KIRIINDUS.NS"
7.4,7.45,7.05,7.45,28200,7.45,"2013-05-29","KIRIINDUS.NS"
25.85,25.85,23.5,25.85,379200,25.85,"2012-07-10","KIRIINDUS.NS"
275.7,284.9,275,277.7,214000,277.7,"2016-12-09","KIRIINDUS.NS"
12.1,12.1,12.1,12.1,48300,12.1,"2013-09-03","KIRIINDUS.NS"
80.2,82.45,75,78.5,30600,78.5,"2016-01-28","KIRIINDUS.NS"
327.95,327.95,327.95,327.95,0,327.95,"2016-10-12","KIRIINDUS.NS"
24,26,23.3,23.5,59200,23.5,"2012-09-14","KIRIINDUS.NS"
141.3,141.3,141.3,141.3,17400,141.3,"2014-04-22","KIRIINDUS.NS"
284,286.15,278.6,281.2,92400,281.2,"2017-04-26","KIRIINDUS.NS"
55.1,60.4,55.1,59.15,31200,59.15,"2013-12-30","KIRIINDUS.NS"
51.95,53.7,50.5,51.1,2200,51.1,"2014-02-17","KIRIINDUS.NS"
128.45,128.45,128.45,128.45,18300,128.45,"2014-06-30","KIRIINDUS.NS"
297.95,298.5,290.75,292.35,123300,292.35,"2017-03-21","KIRIINDUS.NS"
337.5,344,333,335,292100,335,"2016-10-26","KIRIINDUS.NS"
110.5,111.85,107,107.9,13600,107.9,"2015-12-02","KIRIINDUS.NS"
154.2,154.2,142,154.2,164900,154.2,"2014-05-08","KIRIINDUS.NS"
6.25,6.65,6.25,6.65,33800,6.65,"2013-08-14","KIRIINDUS.NS"
93.5,103.8,93,98.85,34300,98.85,"2015-10-05","KIRIINDUS.NS"
128,128,121.95,125.5,25200,125.5,"2014-11-03","KIRIINDUS.NS"
106.5,108,104.3,104.95,4400,104.95,"2015-12-28","KIRIINDUS.NS"
11.6,11.85,11.25,11.65,75000,11.65,"2013-01-22","KIRIINDUS.NS"
91.45,99.8,90.35,96.55,11200,96.55,"2012-03-21","KIRIINDUS.NS"
128.2,128.2,126.1,128.2,57900,128.2,"2014-04-17","KIRIINDUS.NS"
125.7,125.7,125.7,125.7,0,125.7,"2015-05-01","KIRIINDUS.NS"
104,108.5,102.5,104.55,28600,104.55,"2015-06-05","KIRIINDUS.NS"
23.9,23.9,23.9,23.9,0,23.9,"2012-10-02","KIRIINDUS.NS"
96.1,97.3,92.5,93.25,18100,93.25,"2015-06-16","KIRIINDUS.NS"
290,337.65,289,332.3,2966900,332.3,"2016-09-14","KIRIINDUS.NS"
7.5,7.95,7.35,7.35,21400,7.35,"2013-04-23","KIRIINDUS.NS"
22.1,23.9,21.75,22.2,6800,22.2,"2012-10-31","KIRIINDUS.NS"
23.9,24.4,23.45,23.45,130800,23.45,"2013-10-25","KIRIINDUS.NS"
282.9,286,281,283.15,109100,283.15,"2016-12-29","KIRIINDUS.NS"
5,5.45,5,5.25,15200,5.25,"2013-07-23","KIRIINDUS.NS"
95.9,96,92.75,93.7,16600,93.7,"2015-06-12","KIRIINDUS.NS"
352.95,356.45,343.2,346.55,285700,346.55,"2016-08-04","KIRIINDUS.NS"
13.15,13.15,13.15,13.15,2600,13.15,"2013-09-18","KIRIINDUS.NS"
288.7,299,287,298.15,244000,298.15,"2017-04-05","KIRIINDUS.NS"
7.35,8,7.35,8,21000,8,"2013-05-14","KIRIINDUS.NS"
116.4,116.45,113,115.3,17100,115.3,"2015-08-03","KIRIINDUS.NS"
5.3,5.45,5,5.15,20300,5.15,"2013-07-08","KIRIINDUS.NS"
340.4,377,340.4,371.65,1022500,371.65,"2016-06-27","KIRIINDUS.NS"
385,390,356.1,367.4,790500,367.4,"2016-08-16","KIRIINDUS.NS"
72.7,72.7,72.7,72.7,0,72.7,"2015-03-06","KIRIINDUS.NS"
23.6,23.6,22.4,22.6,10000,22.6,"2012-10-29","KIRIINDUS.NS"
63,67.9,63,65.75,37900,65.75,"2015-01-27","KIRIINDUS.NS"
195,198.35,188.5,189.65,133000,189.65,"2016-05-04","KIRIINDUS.NS"
7.1,7.65,7,7.2,24400,7.2,"2013-05-31","KIRIINDUS.NS"
111.95,114,108.55,110.05,38000,110.05,"2015-11-24","KIRIINDUS.NS"
9.05,9.05,9.05,9.05,9800,9.05,"2013-04-12","KIRIINDUS.NS"
194.75,194.75,180.2,187.45,173900,187.45,"2016-05-05","KIRIINDUS.NS"
274.8,291.35,269,282.1,589600,282.1,"2016-12-22","KIRIINDUS.NS"
24,25,23.3,24.15,29000,24.15,"2012-10-12","KIRIINDUS.NS"
6.25,6.35,6.2,6.2,10200,6.2,"2013-06-12","KIRIINDUS.NS"
9.15,9.15,9.15,9.15,0,9.15,"2013-03-29","KIRIINDUS.NS"
295,306.8,261.1,280.8,1308400,280.8,"2016-09-01","KIRIINDUS.NS"
349.9,359,342.55,350.1,324500,350.1,"2016-07-22","KIRIINDUS.NS"
68,69.55,60,60.5,89700,60.5,"2015-01-08","KIRIINDUS.NS"
102.65,114.3,102.65,114.3,35300,114.3,"2015-04-29","KIRIINDUS.NS"
108.4,117.05,108.4,117.05,68800,117.05,"2015-06-01","KIRIINDUS.NS"
83,85.5,81.5,83.7,16900,83.7,"2016-03-08","KIRIINDUS.NS"
26,27,26,26.15,43000,26.15,"2012-07-24","KIRIINDUS.NS"
125,127.45,119.35,121.35,91900,121.35,"2015-08-07","KIRIINDUS.NS"
123.85,130,122,125.15,18800,125.15,"2014-07-17","KIRIINDUS.NS"
24.25,24.85,24,24.05,7500,24.05,"2012-10-19","KIRIINDUS.NS"
26.9,26.9,24.9,25.2,27200,25.2,"2012-07-25","KIRIINDUS.NS"
100.2,100.6,94.4,95.25,40600,95.25,"2015-06-11","KIRIINDUS.NS"
387.75,391.35,365.1,367.45,644500,367.45,"2016-08-02","KIRIINDUS.NS"
21.45,22.4,20.3,22.4,377200,22.4,"2012-07-05","KIRIINDUS.NS"
83,92.85,80.1,81.4,98800,81.4,"2016-02-10","KIRIINDUS.NS"
23.1,23.6,22.45,22.95,27600,22.95,"2012-09-12","KIRIINDUS.NS"
180.65,186,180.65,180.65,438900,180.65,"2016-04-18","KIRIINDUS.NS"
47.55,48.65,46,47.35,3000,47.35,"2012-06-14","KILITCH.NS"
46.5,47.45,44.2,44.85,5100,44.85,"2017-03-03","KILITCH.NS"
34.95,35.1,33.3,34.25,6400,34.25,"2016-09-19","KILITCH.NS"
34.5,35.2,34,34.85,9900,34.85,"2013-01-01","KILITCH.NS"
25.3,25.3,23.5,23.5,1600,23.5,"2013-07-09","KILITCH.NS"
19,20.4,18.5,19,5100,19,"2013-08-19","KILITCH.NS"
35.5,38,35,37.25,200,37.25,"2016-12-26","KILITCH.NS"
23.8,23.8,22.5,22.6,800,22.6,"2014-08-12","KILITCH.NS"
33.75,33.75,33.75,33.75,0,33.75,"2015-09-17","KILITCH.NS"
43.5,43.5,40.2,41.2,3100,41.2,"2016-11-11","KILITCH.NS"
26.55,28.75,26.55,27.9,11600,27.9,"2014-10-31","KILITCH.NS"
37.05,37.6,36.5,36.9,11700,36.9,"2012-11-30","KILITCH.NS"
34,34.6,33.6,34.45,1100,34.45,"2016-09-20","KILITCH.NS"
33,33.25,32.35,33,3500,33,"2016-08-30","KILITCH.NS"
44,46,44,45.45,6100,45.45,"2017-02-02","KILITCH.NS"
35.5,35.6,34.9,35.05,7600,35.05,"2012-12-27","KILITCH.NS"
63.95,63.95,58.4,58.75,2000,58.75,"2012-04-10","KILITCH.NS"
28.75,29.35,27.4,28.35,13300,28.35,"2015-06-19","KILITCH.NS"
66,66,63,64.95,1700,64.95,"2012-03-16","KILITCH.NS"
47.3,50,47.3,50,100,50,"2012-01-24","KILITCH.NS"
25.8,26.8,25.3,26.4,9400,26.4,"2014-06-16","KILITCH.NS"
29.9,31,28.3,30.05,27100,30.05,"2014-09-08","KILITCH.NS"
58,60.2,56.3,56.95,400,56.95,"2012-04-16","KILITCH.NS"
33.1,33.7,32.6,32.8,5700,32.8,"2013-01-30","KILITCH.NS"
34.9,34.9,32.5,32.75,4800,32.75,"2016-08-23","KILITCH.NS"
41.1,41.9,38.6,39.4,18800,39.4,"2014-12-23","KILITCH.NS"
21.8,23.6,21.8,23.3,4700,23.3,"2014-08-05","KILITCH.NS"
36.45,36.45,35.7,36.35,10600,36.35,"2012-12-18","KILITCH.NS"
51.75,52.2,47.75,51.5,7700,51.5,"2012-07-27","KILITCH.NS"
19.4,19.4,19.4,19.4,0,19.4,"2013-11-15","KILITCH.NS"
22.8,23.9,21.85,22.9,4800,22.9,"2014-01-09","KILITCH.NS"
27,27.9,27,27.3,1200,27.3,"2014-10-21","KILITCH.NS"
20.55,20.95,19,19.05,11000,19.05,"2013-07-29","KILITCH.NS"
31.7,32.1,28,31.3,24100,31.3,"2014-11-24","KILITCH.NS"
41,41.5,39.25,39.8,12800,39.8,"2015-08-11","KILITCH.NS"
42.5,45.5,42.5,44.65,32100,44.65,"2015-12-15","KILITCH.NS"
22.65,22.65,22.65,22.65,0,22.65,"2014-08-15","KILITCH.NS"
20.45,20.75,20.1,20.2,6400,20.2,"2014-05-15","KILITCH.NS"
24.2,24.2,21.5,21.7,5600,21.7,"2013-09-12","KILITCH.NS"
35,35.5,34.25,35.45,5500,35.45,"2016-07-11","KILITCH.NS"
46.9,47.65,44.65,47.65,13100,47.65,"2017-04-06","KILITCH.NS"
28.7,29,27.5,27.85,13600,27.85,"2013-02-26","KILITCH.NS"
18.4,19.65,18.25,19.05,10400,19.05,"2014-03-28","KILITCH.NS"
39.7,39.7,37.6,38.05,15600,38.05,"2012-10-26","KILITCH.NS"
28.85,28.85,28.85,28.85,0,28.85,"2015-04-03","KILITCH.NS"
44.5,44.5,40.3,40.55,25200,40.55,"2015-11-26","KILITCH.NS"
47,47,45.1,45.3,23200,45.3,"2016-10-06","KILITCH.NS"
50,53.95,50,50.25,2100,50.25,"2012-06-27","KILITCH.NS"
36.65,36.65,35.6,35.7,14400,35.7,"2013-01-11","KILITCH.NS"
61,63.9,60,60.05,2400,60.05,"2012-03-30","KILITCH.NS"
45.4,51.5,45.4,49.45,2700,49.45,"2012-06-19","KILITCH.NS"
32.9,33.85,32.7,33.3,21500,33.3,"2016-09-08","KILITCH.NS"
34.45,34.45,32.8,33.5,17500,33.5,"2016-06-02","KILITCH.NS"
51.4,51.75,51,51.75,1800,51.75,"2012-01-30","KILITCH.NS"
42.45,43.9,41.6,42.55,65300,42.55,"2012-10-04","KILITCH.NS"
45.75,48,45.75,47.55,4600,47.55,"2017-03-22","KILITCH.NS"
23.55,23.55,21.15,21.95,4800,21.95,"2013-04-25","KILITCH.NS"
37,38.15,36.25,37.1,4100,37.1,"2016-04-18","KILITCH.NS"
32,32.2,30.2,30.85,10800,30.85,"2015-09-07","KILITCH.NS"
18.6,19.9,18.45,19.75,3900,19.75,"2013-08-29","KILITCH.NS"
50.55,53.65,48.65,50.4,1200,50.4,"2012-07-18","KILITCH.NS"
60.85,60.85,60,60,1600,60,"2012-04-09","KILITCH.NS"
47.5,47.5,43.25,43.5,800,43.5,"2012-06-18","KILITCH.NS"
33.5,35.35,33.5,33.65,2600,33.65,"2016-09-21","KILITCH.NS"
37.5,37.5,37.05,37.1,1500,37.1,"2016-04-25","KILITCH.NS"
36.05,36.95,36,36.1,1700,36.1,"2016-04-05","KILITCH.NS"
27.3,28.45,26.65,26.65,2000,26.65,"2014-10-20","KILITCH.NS"
46.4,46.4,44.25,44.65,1000,44.65,"2012-01-10","KILITCH.NS"
37.4,37.4,35.5,35.9,11100,35.9,"2012-12-19","KILITCH.NS"
37,37.3,35,35.8,9200,35.8,"2012-11-19","KILITCH.NS"
23.25,23.25,22.4,22.7,4700,22.7,"2014-08-11","KILITCH.NS"
46,46,46,46,0,46,"2015-12-25","KILITCH.NS"
30.55,31.45,30.2,31,4800,31,"2015-05-14","KILITCH.NS"
21.45,21.45,19.55,20.2,700,20.2,"2013-09-30","KILITCH.NS"
23.8,24.5,23.2,24,8400,24,"2014-06-05","KILITCH.NS"
63.25,65.35,59.2,60.25,31000,60.25,"2017-04-26","KILITCH.NS"
36.9,36.9,35,35.25,1900,35.25,"2016-03-28","KILITCH.NS"
34.2,34.4,32.1,32.9,5300,32.9,"2015-09-22","KILITCH.NS"
44.55,44.55,44.55,44.55,100,44.55,"2012-06-04","KILITCH.NS"
19.8,20.3,19.25,19.9,8900,19.9,"2014-04-07","KILITCH.NS"
71.8,74,63,69.7,44500,69.7,"2012-08-30","KILITCH.NS"
45.45,45.9,44.95,45.9,15300,45.9,"2015-12-03","KILITCH.NS"
39.8,39.8,37.9,38.95,6700,38.95,"2015-11-10","KILITCH.NS"
42.35,42.4,41.75,42.4,10300,42.4,"2015-11-24","KILITCH.NS"
38.25,39.25,37.75,37.85,6700,37.85,"2015-11-13","KILITCH.NS"
18.8,19.5,18.5,19.15,2900,19.15,"2014-04-01","KILITCH.NS"
36,36,34.6,35.1,5900,35.1,"2015-10-06","KILITCH.NS"
27.75,27.75,25.3,27.25,7700,27.25,"2015-03-27","KILITCH.NS"
62.05,64,60.25,63.7,9300,63.7,"2012-03-13","KILITCH.NS"
62.9,63.85,60,61.25,1300,61.25,"2012-04-02","KILITCH.NS"
37.5,37.5,35.6,36.45,11200,36.45,"2012-12-17","KILITCH.NS"
48.4,50,48.4,48.75,300,48.75,"2012-01-25","KILITCH.NS"
19,19.5,17.5,18.8,3400,18.8,"2013-08-05","KILITCH.NS"
46,47.35,45.9,47.05,9600,47.05,"2016-10-24","KILITCH.NS"
18.1,18.3,17.65,17.95,100,17.95,"2014-02-17","KILITCH.NS"
48,48,45.05,46.4,2400,46.4,"2017-02-07","KILITCH.NS"
24.45,24.5,23.15,23.7,6300,23.7,"2014-06-03","KILITCH.NS"
40.7,40.7,39.7,39.8,7300,39.8,"2012-10-19","KILITCH.NS"
49.5,49.5,49.5,49.5,0,49.5,"2012-01-17","KILITCH.NS"
22.5,23.2,22.5,22.65,2700,22.65,"2014-08-14","KILITCH.NS"
22.2,23,21.05,22.2,3600,22.2,"2014-05-05","KILITCH.NS"
36.95,36.95,35.15,35.35,6300,35.35,"2016-07-15","KILITCH.NS"
35.1,36,35,35.7,15400,35.7,"2013-01-04","KILITCH.NS"
27.1,27.6,25.8,27.1,21300,27.1,"2014-06-18","KILITCH.NS"
18.1,19.75,18.1,19.4,5000,19.4,"2013-11-11","KILITCH.NS"
33,33.5,31.55,32.65,8800,32.65,"2016-08-19","KILITCH.NS"
30.45,31.7,29.7,30.4,79500,30.4,"2014-08-27","KILITCH.NS"
17.75,18.5,17.65,18.45,5900,18.45,"2014-03-06","KILITCH.NS"
42.25,43,41.25,41.85,15700,41.85,"2015-08-05","KILITCH.NS"
37.4,37.4,36.1,36.5,13500,36.5,"2012-12-11","KILITCH.NS"
23,23.8,22.45,23.05,300,23.05,"2014-07-28","KILITCH.NS"
26.8,26.8,25.1,25.35,3600,25.35,"2014-10-08","KILITCH.NS"
24.85,26,23.1,23.65,16100,23.65,"2013-03-07","KILITCH.NS"
43.2,43.9,41,41.15,14600,41.15,"2016-01-20","KILITCH.NS"
22.4,23.9,22.1,23.5,7100,23.5,"2013-03-05","KILITCH.NS"
21.5,23,21.1,21.8,7000,21.8,"2013-03-20","KILITCH.NS"
64.45,64.45,60.55,62,200,62,"2012-03-19","KILITCH.NS"
21.7,23.85,21.1,21.6,5700,21.6,"2013-05-23","KILITCH.NS"
30.6,31.95,30.25,30.5,5400,30.5,"2015-05-18","KILITCH.NS"
21.6,22.8,21.2,21.45,4400,21.45,"2013-05-21","KILITCH.NS"
46.9,48.6,46,46.85,1700,46.85,"2012-06-11","KILITCH.NS"
30,30.5,29.4,30.15,10800,30.15,"2015-07-03","KILITCH.NS"
18.15,19.1,17.85,17.9,2700,17.9,"2014-03-14","KILITCH.NS"
18.2,18.9,17.95,18.25,2300,18.25,"2014-03-07","KILITCH.NS"
38.2,38.5,37.4,37.45,1700,37.45,"2016-04-22","KILITCH.NS"
22.9,22.9,21,21.15,10800,21.15,"2013-05-07","KILITCH.NS"
27.5,28.5,26.75,27.85,3100,27.85,"2014-11-03","KILITCH.NS"
34.5,34.5,32.5,33.7,4300,33.7,"2015-08-26","KILITCH.NS"
50.5,50.5,49.4,49.5,800,49.5,"2012-01-16","KILITCH.NS"
38,40.5,37,37.65,9400,37.65,"2015-08-13","KILITCH.NS"
47.6,47.6,46,46.7,3600,46.7,"2017-02-09","KILITCH.NS"
18.7,20.9,18.5,19.1,3500,19.1,"2013-08-20","KILITCH.NS"
46,48.45,44.1,44.95,79100,44.95,"2014-12-05","KILITCH.NS"
52.7,57.95,51,57.95,140200,57.95,"2017-04-19","KILITCH.NS"
22.5,23.5,22.4,23.45,2600,23.45,"2014-01-01","KILITCH.NS"
32.5,32.8,30.65,32.2,10800,32.2,"2016-06-24","KILITCH.NS"
25,25,23,23.3,3700,23.3,"2014-05-29","KILITCH.NS"
20.7,21.25,20.25,20.9,3200,20.9,"2013-10-09","KILITCH.NS"
58.8,62,58.4,61.8,400,61.8,"2012-04-30","KILITCH.NS"
36.7,37.65,36.2,37.4,1800,37.4,"2016-05-04","KILITCH.NS"
41.7,41.7,40.2,40.35,12500,40.35,"2012-10-11","KILITCH.NS"
20.85,21.5,20.75,21.3,4700,21.3,"2013-12-20","KILITCH.NS"
32.8,34.8,32.8,34.15,19400,34.15,"2016-09-16","KILITCH.NS"
41,41,41,41,0,41,"2012-01-02","KILITCH.NS"
22.25,22.65,21.05,21.55,6400,21.55,"2013-04-09","KILITCH.NS"
